"TOSS_WINNER","TOSS_DECISION","MATCH_ID"
"SUNRISERS HYDERABAD","FIELD","6"
"MUMBAI INDIANS","FIELD","7"
"ROYAL CHALLENGERS BANGALORE","BAT","8"
"RISING PUNE SUPERGIANT","FIELD","9"
"DELHI DAREDEVILS","BAT","18"
"KINGS XI PUNJAB","FIELD","19"
"MUMBAI INDIANS","FIELD","22"
"GUJARAT LIONS","FIELD","23"
"RISING PUNE SUPERGIANT","FIELD","25"
"KOLKATA KNIGHT RIDERS","FIELD","29"
"GUJARAT LIONS","FIELD","30"
"ROYAL CHALLENGERS BANGALORE","FIELD","33"
"KOLKATA KNIGHT RIDERS","FIELD","36"
"ROYAL CHALLENGERS BANGALORE","BAT","37"
"RISING PUNE SUPERGIANT","FIELD","40"
"DELHI DAREDEVILS","FIELD","41"
"SUNRISERS HYDERABAD","FIELD","43"
"DELHI DAREDEVILS","FIELD","44"
"KOLKATA KNIGHT RIDERS","FIELD","45"
"MUMBAI INDIANS","BAT","47"
"KOLKATA KNIGHT RIDERS","FIELD","48"
"DELHI DAREDEVILS","BAT","51"
"ROYAL CHALLENGERS BANGALORE","BAT","55"
"MUMBAI INDIANS","FIELD","56"
"MUMBAI INDIANS","FIELD","58"
"RAJASTHAN ROYALS","BAT","62"
"MUMBAI INDIANS","BAT","63"
"DECCAN CHARGERS","BAT","64"
"DECCAN CHARGERS","BAT","66"
"MUMBAI INDIANS","FIELD","67"
"MUMBAI INDIANS","FIELD","69"
"KOLKATA KNIGHT RIDERS","BAT","71"
"DECCAN CHARGERS","FIELD","72"
"CHENNAI SUPER KINGS","BAT","74"
"RAJASTHAN ROYALS","BAT","78"
"CHENNAI SUPER KINGS","BAT","79"
"DECCAN CHARGERS","FIELD","85"
"MUMBAI INDIANS","FIELD","86"
"KOLKATA KNIGHT RIDERS","BAT","88"
"RAJASTHAN ROYALS","FIELD","89"
"KOLKATA KNIGHT RIDERS","BAT","92"
"ROYAL CHALLENGERS BANGALORE","BAT","94"
"DECCAN CHARGERS","FIELD","98"
"MUMBAI INDIANS","FIELD","99"
"ROYAL CHALLENGERS BANGALORE","FIELD","101"
"ROYAL CHALLENGERS BANGALORE","BAT","107"
"KINGS XI PUNJAB","FIELD","108"
"DECCAN CHARGERS","FIELD","111"
"KINGS XI PUNJAB","BAT","112"
"DECCAN CHARGERS","BAT","114"
"KINGS XI PUNJAB","BAT","116"
"RAJASTHAN ROYALS","FIELD","117"
"KOLKATA KNIGHT RIDERS","BAT","121"
"DECCAN CHARGERS","BAT","124"
"KOLKATA KNIGHT RIDERS","FIELD","126"
"ROYAL CHALLENGERS BANGALORE","BAT","127"
"DECCAN CHARGERS","BAT","128"
"DECCAN CHARGERS","FIELD","131"
"DELHI DAREDEVILS","BAT","133"
"KINGS XI PUNJAB","BAT","135"
"DELHI DAREDEVILS","FIELD","136"
"MUMBAI INDIANS","BAT","138"
"DELHI DAREDEVILS","FIELD","141"
"CHENNAI SUPER KINGS","BAT","144"
"KINGS XI PUNJAB","FIELD","145"
"KOLKATA KNIGHT RIDERS","BAT","146"
"DECCAN CHARGERS","BAT","147"
"RAJASTHAN ROYALS","FIELD","148"
"CHENNAI SUPER KINGS","BAT","149"
"MUMBAI INDIANS","BAT","150"
"DELHI DAREDEVILS","FIELD","154"
"DECCAN CHARGERS","BAT","155"
"KINGS XI PUNJAB","BAT","157"
"DECCAN CHARGERS","FIELD","158"
"DECCAN CHARGERS","FIELD","163"
"KOLKATA KNIGHT RIDERS","FIELD","168"
"CHENNAI SUPER KINGS","BAT","169"
"DELHI DAREDEVILS","FIELD","170"
"ROYAL CHALLENGERS BANGALORE","BAT","171"
"DECCAN CHARGERS","FIELD","172"
"ROYAL CHALLENGERS BANGALORE","FIELD","173"
"DECCAN CHARGERS","FIELD","175"
"KOLKATA KNIGHT RIDERS","FIELD","178"
"DELHI DAREDEVILS","FIELD","180"
"DELHI DAREDEVILS","FIELD","183"
"ROYAL CHALLENGERS BANGALORE","FIELD","184"
"KINGS XI PUNJAB","FIELD","186"
"KOLKATA KNIGHT RIDERS","BAT","191"
"CHENNAI SUPER KINGS","FIELD","192"
"KINGS XI PUNJAB","FIELD","193"
"DECCAN CHARGERS","BAT","195"
"ROYAL CHALLENGERS BANGALORE","FIELD","197"
"DELHI DAREDEVILS","BAT","200"
"MUMBAI INDIANS","FIELD","201"
"ROYAL CHALLENGERS BANGALORE","BAT","202"
"KOLKATA KNIGHT RIDERS","BAT","204"
"KINGS XI PUNJAB","BAT","205"
"CHENNAI SUPER KINGS","BAT","206"
"MUMBAI INDIANS","BAT","207"
"KOLKATA KNIGHT RIDERS","BAT","208"
"DELHI DAREDEVILS","BAT","209"
"CHENNAI SUPER KINGS","BAT","211"
"KINGS XI PUNJAB","BAT","212"
"KOLKATA KNIGHT RIDERS","BAT","213"
"DECCAN CHARGERS","FIELD","214"
"MUMBAI INDIANS","BAT","215"
"CHENNAI SUPER KINGS","BAT","216"
"ROYAL CHALLENGERS BANGALORE","FIELD","217"
"KOLKATA KNIGHT RIDERS","BAT","222"
"RAJASTHAN ROYALS","BAT","223"
"ROYAL CHALLENGERS BANGALORE","FIELD","226"
"CHENNAI SUPER KINGS","FIELD","228"
"DECCAN CHARGERS","BAT","229"
"CHENNAI SUPER KINGS","BAT","232"
"CHENNAI SUPER KINGS","BAT","234"
"CHENNAI SUPER KINGS","BAT","235"
"DELHI DAREDEVILS","BAT","238"
"MUMBAI INDIANS","FIELD","242"
"KINGS XI PUNJAB","FIELD","243"
"ROYAL CHALLENGERS BANGALORE","FIELD","245"
"KOCHI TUSKERS KERALA","FIELD","247"
"KOLKATA KNIGHT RIDERS","FIELD","255"
"CHENNAI SUPER KINGS","FIELD","257"
"ROYAL CHALLENGERS BANGALORE","FIELD","258"
"RAJASTHAN ROYALS","FIELD","261"
"PUNE WARRIORS","FIELD","262"
"ROYAL CHALLENGERS BANGALORE","FIELD","263"
"KOCHI TUSKERS KERALA","FIELD","265"
"DELHI DAREDEVILS","FIELD","266"
"RAJASTHAN ROYALS","FIELD","267"
"PUNE WARRIORS","FIELD","268"
"KOLKATA KNIGHT RIDERS","FIELD","270"
"RAJASTHAN ROYALS","FIELD","271"
"CHENNAI SUPER KINGS","BAT","272"
"KINGS XI PUNJAB","FIELD","273"
"KOCHI TUSKERS KERALA","FIELD","274"
"DECCAN CHARGERS","FIELD","275"
"PUNE WARRIORS","FIELD","277"
"KINGS XI PUNJAB","FIELD","280"
"DELHI DAREDEVILS","FIELD","282"
"KOCHI TUSKERS KERALA","BAT","283"
"RAJASTHAN ROYALS","FIELD","285"
"DECCAN CHARGERS","BAT","286"
"MUMBAI INDIANS","FIELD","287"
"ROYAL CHALLENGERS BANGALORE","FIELD","288"
"KINGS XI PUNJAB","FIELD","290"
"CHENNAI SUPER KINGS","BAT","297"
"MUMBAI INDIANS","BAT","299"
"KINGS XI PUNJAB","FIELD","300"
"MUMBAI INDIANS","FIELD","303"
"CHENNAI SUPER KINGS","FIELD","304"
"CHENNAI SUPER KINGS","BAT","307"
"DELHI DAREDEVILS","FIELD","309"
"MUMBAI INDIANS","FIELD","310"
"KINGS XI PUNJAB","FIELD","311"
"DECCAN CHARGERS","FIELD","313"
"PUNE WARRIORS","BAT","315"
"ROYAL CHALLENGERS BANGALORE","FIELD","317"
"ROYAL CHALLENGERS BANGALORE","BAT","320"
"KINGS XI PUNJAB","FIELD","321"
"DECCAN CHARGERS","BAT","323"
"RAJASTHAN ROYALS","BAT","326"
"DECCAN CHARGERS","BAT","328"
"PUNE WARRIORS","BAT","329"
"PUNE WARRIORS","FIELD","332"
"ROYAL CHALLENGERS BANGALORE","FIELD","333"
"KOLKATA KNIGHT RIDERS","FIELD","337"
"KINGS XI PUNJAB","BAT","340"
"DECCAN CHARGERS","BAT","341"
"MUMBAI INDIANS","FIELD","346"
"MUMBAI INDIANS","BAT","351"
"RAJASTHAN ROYALS","BAT","354"
"ROYAL CHALLENGERS BANGALORE","FIELD","356"
"DELHI DAREDEVILS","BAT","357"
"DECCAN CHARGERS","FIELD","359"
"ROYAL CHALLENGERS BANGALORE","FIELD","360"
"CHENNAI SUPER KINGS","FIELD","361"
"MUMBAI INDIANS","BAT","363"
"CHENNAI SUPER KINGS","FIELD","364"
"RAJASTHAN ROYALS","BAT","365"
"DECCAN CHARGERS","BAT","366"
"CHENNAI SUPER KINGS","FIELD","368"
"KINGS XI PUNJAB","BAT","369"
"MUMBAI INDIANS","FIELD","370"
"RAJASTHAN ROYALS","BAT","373"
"KOLKATA KNIGHT RIDERS","BAT","375"
"RAJASTHAN ROYALS","BAT","377"
"MUMBAI INDIANS","FIELD","379"
"MUMBAI INDIANS","FIELD","383"
"PUNE WARRIORS","FIELD","384"
"RAJASTHAN ROYALS","BAT","385"
"PUNE WARRIORS","BAT","387"
"ROYAL CHALLENGERS BANGALORE","BAT","388"
"KOLKATA KNIGHT RIDERS","FIELD","389"
"MUMBAI INDIANS","BAT","390"
"CHENNAI SUPER KINGS","FIELD","391"
"RAJASTHAN ROYALS","BAT","393"
"DELHI DAREDEVILS","BAT","394"
"KOLKATA KNIGHT RIDERS","BAT","397"
"RAJASTHAN ROYALS","FIELD","398"
"PUNE WARRIORS","BAT","399"
"CHENNAI SUPER KINGS","BAT","404"
"KOLKATA KNIGHT RIDERS","BAT","406"
"MUMBAI INDIANS","BAT","408"
"KOLKATA KNIGHT RIDERS","BAT","413"
"SUNRISERS HYDERABAD","BAT","414"
"KINGS XI PUNJAB","BAT","415"
"SUNRISERS HYDERABAD","BAT","416"
"MUMBAI INDIANS","BAT","417"
"KOLKATA KNIGHT RIDERS","FIELD","418"
"MUMBAI INDIANS","BAT","421"
"PUNE WARRIORS","BAT","431"
"DELHI DAREDEVILS","BAT","433"
"MUMBAI INDIANS","BAT","434"
"SUNRISERS HYDERABAD","FIELD","435"
"RAJASTHAN ROYALS","FIELD","442"
"KOLKATA KNIGHT RIDERS","FIELD","445"
"RAJASTHAN ROYALS","FIELD","447"
"KINGS XI PUNJAB","FIELD","448"
"MUMBAI INDIANS","FIELD","450"
"PUNE WARRIORS","BAT","451"
"CHENNAI SUPER KINGS","FIELD","452"
"CHENNAI SUPER KINGS","BAT","454"
"RAJASTHAN ROYALS","BAT","456"
"KOLKATA KNIGHT RIDERS","BAT","458"
"RAJASTHAN ROYALS","FIELD","461"
"KINGS XI PUNJAB","FIELD","464"
"MUMBAI INDIANS","BAT","470"
"RAJASTHAN ROYALS","FIELD","471"
"KOLKATA KNIGHT RIDERS","FIELD","472"
"MUMBAI INDIANS","BAT","473"
"CHENNAI SUPER KINGS","BAT","478"
"KINGS XI PUNJAB","BAT","479"
"RAJASTHAN ROYALS","FIELD","480"
"ROYAL CHALLENGERS BANGALORE","FIELD","481"
"KOLKATA KNIGHT RIDERS","FIELD","482"
"CHENNAI SUPER KINGS","FIELD","483"
"DELHI DAREDEVILS","BAT","485"
"RAJASTHAN ROYALS","FIELD","487"
"SUNRISERS HYDERABAD","FIELD","489"
"KOLKATA KNIGHT RIDERS","FIELD","491"
"ROYAL CHALLENGERS BANGALORE","BAT","492"
"DELHI DAREDEVILS","FIELD","495"
"KINGS XI PUNJAB","FIELD","496"
"DELHI DAREDEVILS","FIELD","498"
"SUNRISERS HYDERABAD","BAT","500"
"MUMBAI INDIANS","BAT","501"
"KINGS XI PUNJAB","FIELD","502"
"MUMBAI INDIANS","FIELD","505"
"ROYAL CHALLENGERS BANGALORE","FIELD","506"
"CHENNAI SUPER KINGS","FIELD","510"
"KINGS XI PUNJAB","FIELD","512"
"MUMBAI INDIANS","FIELD","513"
"CHENNAI SUPER KINGS","FIELD","516"
"DELHI DAREDEVILS","FIELD","519"
"KINGS XI PUNJAB","FIELD","520"
"ROYAL CHALLENGERS BANGALORE","FIELD","522"
"RAJASTHAN ROYALS","FIELD","523"
"SUNRISERS HYDERABAD","FIELD","525"
"KOLKATA KNIGHT RIDERS","FIELD","527"
"RAJASTHAN ROYALS","FIELD","529"
"DELHI DAREDEVILS","BAT","531"
"CHENNAI SUPER KINGS","BAT","533"
"KOLKATA KNIGHT RIDERS","FIELD","535"
"ROYAL CHALLENGERS BANGALORE","FIELD","538"
"MUMBAI INDIANS","FIELD","539"
"ROYAL CHALLENGERS BANGALORE","FIELD","543"
"KOLKATA KNIGHT RIDERS","BAT","545"
"DELHI DAREDEVILS","FIELD","548"
"ROYAL CHALLENGERS BANGALORE","FIELD","550"
"DELHI DAREDEVILS","FIELD","553"
"CHENNAI SUPER KINGS","BAT","554"
"SUNRISERS HYDERABAD","FIELD","555"
"DELHI DAREDEVILS","BAT","556"
"SUNRISERS HYDERABAD","BAT","561"
"ROYAL CHALLENGERS BANGALORE","BAT","562"
"CHENNAI SUPER KINGS","BAT","563"
"SUNRISERS HYDERABAD","BAT","564"
"CHENNAI SUPER KINGS","BAT","565"
"KOLKATA KNIGHT RIDERS","FIELD","567"
"KINGS XI PUNJAB","BAT","569"
"ROYAL CHALLENGERS BANGALORE","FIELD","571"
"ROYAL CHALLENGERS BANGALORE","BAT","574"
"CHENNAI SUPER KINGS","FIELD","576"
"MUMBAI INDIANS","BAT","577"
"GUJARAT LIONS","FIELD","579"
"MUMBAI INDIANS","FIELD","581"
"RISING PUNE SUPERGIANTS","BAT","582"
"GUJARAT LIONS","FIELD","585"
"SUNRISERS HYDERABAD","FIELD","591"
"RISING PUNE SUPERGIANTS","FIELD","592"
"ROYAL CHALLENGERS BANGALORE","BAT","595"
"KOLKATA KNIGHT RIDERS","FIELD","596"
"RISING PUNE SUPERGIANTS","FIELD","598"
"MUMBAI INDIANS","FIELD","600"
"KOLKATA KNIGHT RIDERS","FIELD","602"
"GUJARAT LIONS","FIELD","604"
"DELHI DAREDEVILS","FIELD","607"
"RISING PUNE SUPERGIANTS","FIELD","609"
"SUNRISERS HYDERABAD","FIELD","610"
"MUMBAI INDIANS","FIELD","613"
"SUNRISERS HYDERABAD","BAT","616"
"MUMBAI INDIANS","FIELD","617"
"DELHI DAREDEVILS","FIELD","618"
"GUJARAT LIONS","FIELD","620"
"RISING PUNE SUPERGIANTS","BAT","621"
"KINGS XI PUNJAB","BAT","622"
"DELHI DAREDEVILS","FIELD","623"
"ROYAL CHALLENGERS BANGALORE","FIELD","624"
"DELHI DAREDEVILS","FIELD","628"
"ROYAL CHALLENGERS BANGALORE","FIELD","633"
"SUNRISERS HYDERABAD","FIELD","635"
"ROYAL CHALLENGERS BANGALORE","FIELD","1"
"RISING PUNE SUPERGIANT","FIELD","2"
"KOLKATA KNIGHT RIDERS","FIELD","3"
"KINGS XI PUNJAB","FIELD","4"
"ROYAL CHALLENGERS BANGALORE","BAT","5"
"MUMBAI INDIANS","FIELD","10"
"KOLKATA KNIGHT RIDERS","FIELD","11"
"MUMBAI INDIANS","FIELD","12"
"GUJARAT LIONS","FIELD","13"
"SUNRISERS HYDERABAD","FIELD","14"
"DELHI DAREDEVILS","BAT","15"
"MUMBAI INDIANS","FIELD","16"
"ROYAL CHALLENGERS BANGALORE","FIELD","17"
"GUJARAT LIONS","FIELD","20"
"SUNRISERS HYDERABAD","BAT","21"
"DELHI DAREDEVILS","FIELD","24"
"GUJARAT LIONS","FIELD","26"
"ROYAL CHALLENGERS BANGALORE","FIELD","27"
"MUMBAI INDIANS","FIELD","28"
"KOLKATA KNIGHT RIDERS","FIELD","31"
"KINGS XI PUNJAB","FIELD","32"
"GUJARAT LIONS","BAT","34"
"KINGS XI PUNJAB","FIELD","35"
"RISING PUNE SUPERGIANT","FIELD","38"
"DELHI DAREDEVILS","FIELD","39"
"ROYAL CHALLENGERS BANGALORE","FIELD","42"
"GUJARAT LIONS","FIELD","46"
"DELHI DAREDEVILS","FIELD","49"
"MUMBAI INDIANS","FIELD","50"
"SUNRISERS HYDERABAD","FIELD","52"
"KOLKATA KNIGHT RIDERS","FIELD","53"
"RISING PUNE SUPERGIANT","FIELD","54"
"KOLKATA KNIGHT RIDERS","FIELD","57"
"MUMBAI INDIANS","BAT","59"
"ROYAL CHALLENGERS BANGALORE","FIELD","60"
"CHENNAI SUPER KINGS","BAT","61"
"KINGS XI PUNJAB","BAT","65"
"RAJASTHAN ROYALS","FIELD","68"
"RAJASTHAN ROYALS","FIELD","70"
"DELHI DAREDEVILS","BAT","73"
"KOLKATA KNIGHT RIDERS","BAT","75"
"ROYAL CHALLENGERS BANGALORE","FIELD","76"
"KINGS XI PUNJAB","FIELD","77"
"DECCAN CHARGERS","BAT","80"
"KINGS XI PUNJAB","BAT","81"
"DELHI DAREDEVILS","FIELD","82"
"CHENNAI SUPER KINGS","BAT","83"
"KINGS XI PUNJAB","FIELD","84"
"CHENNAI SUPER KINGS","FIELD","87"
"MUMBAI INDIANS","FIELD","90"
"KINGS XI PUNJAB","FIELD","91"
"RAJASTHAN ROYALS","FIELD","93"
"KOLKATA KNIGHT RIDERS","BAT","95"
"MUMBAI INDIANS","FIELD","96"
"RAJASTHAN ROYALS","FIELD","97"
"DELHI DAREDEVILS","BAT","100"
"DECCAN CHARGERS","FIELD","102"
"KOLKATA KNIGHT RIDERS","BAT","103"
"DELHI DAREDEVILS","FIELD","104"
"RAJASTHAN ROYALS","FIELD","105"
"MUMBAI INDIANS","FIELD","106"
"DELHI DAREDEVILS","FIELD","109"
"RAJASTHAN ROYALS","BAT","110"
"RAJASTHAN ROYALS","FIELD","113"
"DELHI DAREDEVILS","FIELD","115"
"CHENNAI SUPER KINGS","FIELD","118"
"ROYAL CHALLENGERS BANGALORE","BAT","119"
"DELHI DAREDEVILS","FIELD","120"
"CHENNAI SUPER KINGS","BAT","122"
"KOLKATA KNIGHT RIDERS","FIELD","123"
"DELHI DAREDEVILS","BAT","125"
"ROYAL CHALLENGERS BANGALORE","BAT","129"
"KINGS XI PUNJAB","BAT","130"
"MUMBAI INDIANS","BAT","132"
"KOLKATA KNIGHT RIDERS","BAT","134"
"RAJASTHAN ROYALS","FIELD","137"
"ROYAL CHALLENGERS BANGALORE","BAT","139"
"DECCAN CHARGERS","BAT","140"
"KOLKATA KNIGHT RIDERS","BAT","142"
"MUMBAI INDIANS","BAT","143"
"KINGS XI PUNJAB","FIELD","151"
"RAJASTHAN ROYALS","BAT","152"
"MUMBAI INDIANS","BAT","153"
"ROYAL CHALLENGERS BANGALORE","FIELD","156"
"CHENNAI SUPER KINGS","BAT","159"
"RAJASTHAN ROYALS","BAT","160"
"KINGS XI PUNJAB","FIELD","161"
"MUMBAI INDIANS","BAT","162"
"DECCAN CHARGERS","FIELD","164"
"DELHI DAREDEVILS","BAT","165"
"CHENNAI SUPER KINGS","BAT","166"
"DELHI DAREDEVILS","BAT","167"
"ROYAL CHALLENGERS BANGALORE","FIELD","174"
"MUMBAI INDIANS","BAT","176"
"DELHI DAREDEVILS","FIELD","177"
"DECCAN CHARGERS","BAT","179"
"KINGS XI PUNJAB","BAT","181"
"CHENNAI SUPER KINGS","BAT","182"
"DELHI DAREDEVILS","BAT","185"
"RAJASTHAN ROYALS","BAT","187"
"MUMBAI INDIANS","BAT","188"
"DECCAN CHARGERS","BAT","189"
"CHENNAI SUPER KINGS","FIELD","190"
"MUMBAI INDIANS","FIELD","194"
"KOLKATA KNIGHT RIDERS","BAT","196"
"RAJASTHAN ROYALS","BAT","198"
"DECCAN CHARGERS","FIELD","199"
"DELHI DAREDEVILS","BAT","203"
"RAJASTHAN ROYALS","BAT","210"
"DELHI DAREDEVILS","BAT","218"
"RAJASTHAN ROYALS","FIELD","219"
"ROYAL CHALLENGERS BANGALORE","FIELD","220"
"MUMBAI INDIANS","BAT","221"
"CHENNAI SUPER KINGS","BAT","224"
"DECCAN CHARGERS","FIELD","225"
"RAJASTHAN ROYALS","BAT","227"
"MUMBAI INDIANS","BAT","230"
"MUMBAI INDIANS","BAT","231"
"DECCAN CHARGERS","BAT","233"
"RAJASTHAN ROYALS","FIELD","236"
"KOCHI TUSKERS KERALA","BAT","237"
"KINGS XI PUNJAB","BAT","239"
"KOLKATA KNIGHT RIDERS","BAT","240"
"DELHI DAREDEVILS","BAT","241"
"KOCHI TUSKERS KERALA","BAT","244"
"KOLKATA KNIGHT RIDERS","FIELD","246"
"CHENNAI SUPER KINGS","BAT","248"
"KINGS XI PUNJAB","FIELD","249"
"DELHI DAREDEVILS","FIELD","250"
"KOLKATA KNIGHT RIDERS","FIELD","251"
"KOCHI TUSKERS KERALA","FIELD","252"
"DECCAN CHARGERS","BAT","253"
"PUNE WARRIORS","BAT","254"
"RAJASTHAN ROYALS","FIELD","256"
"KINGS XI PUNJAB","FIELD","259"
"DECCAN CHARGERS","FIELD","260"
"PUNE WARRIORS","BAT","264"
"DELHI DAREDEVILS","BAT","269"
"RAJASTHAN ROYALS","BAT","276"
"KOLKATA KNIGHT RIDERS","FIELD","278"
"DELHI DAREDEVILS","FIELD","279"
"CHENNAI SUPER KINGS","BAT","281"
"KINGS XI PUNJAB","BAT","284"
"CHENNAI SUPER KINGS","BAT","289"
"ROYAL CHALLENGERS BANGALORE","FIELD","291"
"DECCAN CHARGERS","BAT","292"
"DELHI DAREDEVILS","FIELD","293"
"KOCHI TUSKERS KERALA","FIELD","294"
"DECCAN CHARGERS","FIELD","295"
"KINGS XI PUNJAB","BAT","296"
"KOLKATA KNIGHT RIDERS","FIELD","298"
"DELHI DAREDEVILS","BAT","301"
"ROYAL CHALLENGERS BANGALORE","FIELD","302"
"MUMBAI INDIANS","FIELD","305"
"MUMBAI INDIANS","FIELD","306"
"MUMBAI INDIANS","FIELD","308"
"DELHI DAREDEVILS","FIELD","312"
"KOLKATA KNIGHT RIDERS","FIELD","314"
"DECCAN CHARGERS","BAT","316"
"DELHI DAREDEVILS","FIELD","318"
"RAJASTHAN ROYALS","FIELD","319"
"RAJASTHAN ROYALS","BAT","322"
"CHENNAI SUPER KINGS","BAT","324"
"KOLKATA KNIGHT RIDERS","FIELD","325"
"DELHI DAREDEVILS","FIELD","327"
"KINGS XI PUNJAB","BAT","330"
"DECCAN CHARGERS","BAT","331"
"RAJASTHAN ROYALS","BAT","334"
"DELHI DAREDEVILS","FIELD","335"
"MUMBAI INDIANS","BAT","336"
"RAJASTHAN ROYALS","FIELD","338"
"PUNE WARRIORS","BAT","339"
"MUMBAI INDIANS","FIELD","342"
"KINGS XI PUNJAB","BAT","343"
"KOLKATA KNIGHT RIDERS","BAT","344"
"DELHI DAREDEVILS","BAT","345"
"CHENNAI SUPER KINGS","BAT","347"
"DECCAN CHARGERS","BAT","348"
"RAJASTHAN ROYALS","BAT","349"
"KINGS XI PUNJAB","FIELD","350"
"CHENNAI SUPER KINGS","BAT","352"
"KOLKATA KNIGHT RIDERS","BAT","353"
"MUMBAI INDIANS","FIELD","355"
"PUNE WARRIORS","BAT","358"
"PUNE WARRIORS","FIELD","362"
"MUMBAI INDIANS","FIELD","367"
"KINGS XI PUNJAB","FIELD","371"
"DELHI DAREDEVILS","FIELD","372"
"DELHI DAREDEVILS","FIELD","374"
"ROYAL CHALLENGERS BANGALORE","FIELD","376"
"KOLKATA KNIGHT RIDERS","BAT","378"
"DELHI DAREDEVILS","FIELD","380"
"CHENNAI SUPER KINGS","BAT","381"
"KOLKATA KNIGHT RIDERS","FIELD","382"
"MUMBAI INDIANS","BAT","386"
"ROYAL CHALLENGERS BANGALORE","FIELD","392"
"MUMBAI INDIANS","BAT","395"
"CHENNAI SUPER KINGS","FIELD","396"
"KOLKATA KNIGHT RIDERS","FIELD","400"
"ROYAL CHALLENGERS BANGALORE","FIELD","401"
"PUNE WARRIORS","FIELD","402"
"RAJASTHAN ROYALS","BAT","403"
"KINGS XI PUNJAB","BAT","405"
"ROYAL CHALLENGERS BANGALORE","FIELD","407"
"KINGS XI PUNJAB","FIELD","409"
"RAJASTHAN ROYALS","BAT","410"
"PUNE WARRIORS","FIELD","411"
"DELHI DAREDEVILS","FIELD","412"
"PUNE WARRIORS","FIELD","419"
"RAJASTHAN ROYALS","FIELD","420"
"CHENNAI SUPER KINGS","BAT","422"
"MUMBAI INDIANS","BAT","423"
"KOLKATA KNIGHT RIDERS","BAT","424"
"CHENNAI SUPER KINGS","BAT","425"
"ROYAL CHALLENGERS BANGALORE","BAT","426"
"RAJASTHAN ROYALS","BAT","427"
"DELHI DAREDEVILS","BAT","428"
"KINGS XI PUNJAB","FIELD","429"
"MUMBAI INDIANS","BAT","430"
"SUNRISERS HYDERABAD","BAT","432"
"RAJASTHAN ROYALS","FIELD","436"
"KOLKATA KNIGHT RIDERS","BAT","437"
"DELHI DAREDEVILS","FIELD","438"
"PUNE WARRIORS","BAT","439"
"KINGS XI PUNJAB","FIELD","440"
"KOLKATA KNIGHT RIDERS","FIELD","441"
"KINGS XI PUNJAB","FIELD","443"
"SUNRISERS HYDERABAD","BAT","444"
"CHENNAI SUPER KINGS","BAT","446"
"SUNRISERS HYDERABAD","BAT","449"
"KOLKATA KNIGHT RIDERS","BAT","453"
"SUNRISERS HYDERABAD","BAT","455"
"MUMBAI INDIANS","BAT","457"
"ROYAL CHALLENGERS BANGALORE","FIELD","459"
"CHENNAI SUPER KINGS","BAT","460"
"ROYAL CHALLENGERS BANGALORE","FIELD","462"
"KOLKATA KNIGHT RIDERS","BAT","463"
"CHENNAI SUPER KINGS","BAT","465"
"SUNRISERS HYDERABAD","FIELD","466"
"RAJASTHAN ROYALS","FIELD","467"
"ROYAL CHALLENGERS BANGALORE","FIELD","468"
"SUNRISERS HYDERABAD","BAT","469"
"SUNRISERS HYDERABAD","BAT","474"
"KINGS XI PUNJAB","FIELD","475"
"RAJASTHAN ROYALS","BAT","476"
"MUMBAI INDIANS","FIELD","477"
"ROYAL CHALLENGERS BANGALORE","FIELD","484"
"CHENNAI SUPER KINGS","FIELD","486"
"ROYAL CHALLENGERS BANGALORE","FIELD","488"
"CHENNAI SUPER KINGS","FIELD","490"
"SUNRISERS HYDERABAD","BAT","493"
"RAJASTHAN ROYALS","BAT","494"
"KOLKATA KNIGHT RIDERS","FIELD","497"
"CHENNAI SUPER KINGS","BAT","499"
"ROYAL CHALLENGERS BANGALORE","BAT","503"
"KOLKATA KNIGHT RIDERS","FIELD","504"
"SUNRISERS HYDERABAD","FIELD","507"
"DELHI DAREDEVILS","FIELD","508"
"RAJASTHAN ROYALS","FIELD","509"
"KOLKATA KNIGHT RIDERS","FIELD","511"
"KINGS XI PUNJAB","FIELD","514"
"CHENNAI SUPER KINGS","FIELD","515"
"KOLKATA KNIGHT RIDERS","FIELD","517"
"KOLKATA KNIGHT RIDERS","FIELD","518"
"CHENNAI SUPER KINGS","BAT","521"
"MUMBAI INDIANS","FIELD","524"
"MUMBAI INDIANS","BAT","526"
"KINGS XI PUNJAB","BAT","528"
"MUMBAI INDIANS","BAT","530"
"KOLKATA KNIGHT RIDERS","FIELD","532"
"ROYAL CHALLENGERS BANGALORE","FIELD","534"
"KINGS XI PUNJAB","FIELD","536"
"KOLKATA KNIGHT RIDERS","FIELD","537"
"ROYAL CHALLENGERS BANGALORE","FIELD","540"
"MUMBAI INDIANS","BAT","541"
"CHENNAI SUPER KINGS","BAT","542"
"KINGS XI PUNJAB","FIELD","544"
"RAJASTHAN ROYALS","FIELD","546"
"KOLKATA KNIGHT RIDERS","FIELD","547"
"RAJASTHAN ROYALS","FIELD","549"
"CHENNAI SUPER KINGS","FIELD","551"
"MUMBAI INDIANS","BAT","552"
"KINGS XI PUNJAB","FIELD","557"
"RAJASTHAN ROYALS","FIELD","558"
"CHENNAI SUPER KINGS","BAT","559"
"KINGS XI PUNJAB","BAT","560"
"ROYAL CHALLENGERS BANGALORE","FIELD","566"
"SUNRISERS HYDERABAD","BAT","568"
"RAJASTHAN ROYALS","BAT","570"
"SUNRISERS HYDERABAD","BAT","572"
"MUMBAI INDIANS","BAT","573"
"CHENNAI SUPER KINGS","FIELD","575"
"KOLKATA KNIGHT RIDERS","FIELD","578"
"SUNRISERS HYDERABAD","FIELD","580"
"DELHI DAREDEVILS","FIELD","583"
"SUNRISERS HYDERABAD","BAT","584"
"RISING PUNE SUPERGIANTS","BAT","586"
"DELHI DAREDEVILS","FIELD","587"
"SUNRISERS HYDERABAD","FIELD","588"
"KOLKATA KNIGHT RIDERS","FIELD","589"
"MUMBAI INDIANS","FIELD","590"
"MUMBAI INDIANS","FIELD","593"
"SUNRISERS HYDERABAD","FIELD","594"
"KINGS XI PUNJAB","FIELD","597"
"DELHI DAREDEVILS","FIELD","599"
"GUJARAT LIONS","FIELD","601"
"ROYAL CHALLENGERS BANGALORE","FIELD","603"
"MUMBAI INDIANS","FIELD","605"
"KOLKATA KNIGHT RIDERS","FIELD","606"
"KINGS XI PUNJAB","FIELD","608"
"ROYAL CHALLENGERS BANGALORE","FIELD","611"
"DELHI DAREDEVILS","FIELD","612"
"GUJARAT LIONS","FIELD","614"
"KINGS XI PUNJAB","FIELD","615"
"MUMBAI INDIANS","BAT","619"
"RISING PUNE SUPERGIANTS","FIELD","625"
"KINGS XI PUNJAB","FIELD","626"
"GUJARAT LIONS","FIELD","627"
"KINGS XI PUNJAB","BAT","629"
"GUJARAT LIONS","FIELD","630"
"SUNRISERS HYDERABAD","FIELD","631"
"ROYAL CHALLENGERS BANGALORE","FIELD","632"
"KOLKATA KNIGHT RIDERS","FIELD","634"
"SUNRISERS HYDERABAD","BAT","636"
