"UMPIRE_ID","UMPIRE1","UMPIRE2"
"1","AK Chaudhary","C Shamshuddin"
"2","AK Chaudhary","C Shamshuddin"
"3","KN Ananthapadmanabhan","AK Chaudhary"
"4","A Nand Kishore","S Ravi"
"5","S Ravi","VK Sharma"
"6","A Nand Kishore","S Ravi"
"7","A Nand Kishore","S Ravi"
"8","Nitin Menon","CK Nandan"
"9","AY Dandekar","S Ravi"
"10","KN Ananthapadmanabhan","A Nand Kishore"
"11","Nitin Menon","CK Nandan"
"12","A Nand Kishore","S Ravi"
"13","AK Chaudhary","Nitin Menon"
"14","S Ravi","C Shamshuddin"
"15","Asad Rauf","RE Koertzen"
"16","BF Bowden","K Hariharan"
"17","Asad Rauf","MR Benson"
"18","Asad Rauf","SL Shastri"
"19","Aleem Dar","I Shivram"
"20","Asad Rauf","RE Koertzen"
"21","SJ Davis","BR Doctrove"
"22","Asad Rauf","IL Howell"
"23","IL Howell","AM Saheba"
"24","BR Doctrove","AM Saheba"
"25","AV Jayaprakash","RE Koertzen"
"26","SJ Davis","GA Pratapkumar"
"27","Asad Rauf","SJ Davis"
"28","SJ Davis","I Shivram"
"29","Asad Rauf","DJ Harper"
"30","MR Benson","SD Ranade"
"31","M Erasmus","AM Saheba"
"32","HDPK Dharmasena","SJA Taufel"
"33","BG Jerling","RB Tiffin"
"34","GAV Baxter","AM Saheba"
"35","S Asnani","BG Jerling"
"36","BR Doctrove","M Erasmus"
"37","K Hariharan","DJ Harper"
"38","GAV Baxter","HDPK Dharmasena"
"39","M Erasmus","SS Hazare"
"40","BR Doctrove","DJ Harper"
"41","S Ravi","RB Tiffin"
"42","BG Jerling","SJA Taufel"
"43","BR Doctrove","DJ Harper"
"44","RE Koertzen","RB Tiffin"
"45","BG Jerling","RE Koertzen"
"46","K Hariharan","DJ Harper"
"47","HDPK Dharmasena","SS Hazare"
"48","RE Koertzen","RB Tiffin"
"49","BR Doctrove","S Ravi"
"50","SS Hazare","SJA Taufel"
"51","K Hariharan","DJ Harper"
"52","S Asnani","DJ Harper"
"53","S Ravi","SK Tarapore"
"54","HDPK Dharmasena","SJA Taufel"
"55","RE Koertzen","RB Tiffin"
"56","HDPK Dharmasena","SS Hazare"
"57","BF Bowden","AM Saheba"
"58","BR Doctrove","RB Tiffin"
"59","RE Koertzen","SK Tarapore"
"60","RE Koertzen","SK Tarapore"
"61","S Asnani","PR Reiffel"
"62","HDPK Dharmasena","AL Hill"
"63","K Hariharan","AL Hill"
"64","S Asnani","PR Reiffel"
"65","HDPK Dharmasena","AL Hill"
"66","Asad Rauf","SL Shastri"
"67","Aleem Dar","SS Hazare"
"68","Aleem Dar","RB Tiffin"
"69","SS Hazare","RB Tiffin"
"70","Aleem Dar","RB Tiffin"
"71","SK Tarapore","RJ Tucker"
"72","HDPK Dharmasena","K Hariharan"
"73","S Ravi","SK Tarapore"
"74","Asad Rauf","AM Saheba"
"75","Asad Rauf","AM Saheba"
"76","Asad Rauf","SJA Taufel"
"77","JD Cloete","SJA Taufel"
"78","S Asnani","S Ravi"
"79","AK Chaudhary","JD Cloete"
"80","HDPK Dharmasena","RJ Tucker"
"81","Aleem Dar","BNJ Oxenford"
"82","Aleem Dar","BNJ Oxenford"
"83","Asad Rauf","S Das"
"84","S Ravi","RJ Tucker"
"85","Aleem Dar","BNJ Oxenford"
"86","Asad Rauf","BR Doctrove"
"87","Aleem Dar","AK Chaudhary"
"88","HDPK Dharmasena","BNJ Oxenford"
"89","HDPK Dharmasena","BNJ Oxenford"
"90","BF Bowden","VA Kulkarni"
"91","S Das","BR Doctrove"
"92","JD Cloete","SJA Taufel"
"93","HDPK Dharmasena","C Shamshuddin"
"94","S Ravi","SJA Taufel"
"95","BR Doctrove","SJA Taufel"
"96","S Ravi","SJA Taufel"
"97","AK Chaudhary","S Ravi"
"98","Asad Rauf","AK Chaudhary"
"99","Asad Rauf","AK Chaudhary"
"100","CK Nandan","SJA Taufel"
"101","M Erasmus","VA Kulkarni"
"102","HDPK Dharmasena","S Ravi"
"103","HDPK Dharmasena","S Ravi"
"104","VA Kulkarni","K Srinath"
"105","M Erasmus","K Srinath"
"106","HDPK Dharmasena","CK Nandan"
"107","Asad Rauf","S Asnani"
"108","S Ravi","SJA Taufel"
"109","HDPK Dharmasena","S Ravi"
"110","S Das","RJ Tucker"
"111","AK Chaudhary","SJA Taufel"
"112","VA Kulkarni","NJ Llong"
"113","C Shamshuddin","RJ Tucker"
"114","C Shamshuddin","SJA Taufel"
"115","RK Illingworth","C Shamshuddin"
"116","BF Bowden","M Erasmus"
"117","Aleem Dar","VA Kulkarni"
"118","HDPK Dharmasena","RK Illingworth"
"119","Aleem Dar","AK Chaudhary"
"120","SS Hazare","S Ravi"
"121","S Ravi","K Srinath"
"122","S Ravi","K Srinath"
"123","S Ravi","RJ Tucker"
"124","VA Kulkarni","PG Pathak"
"125","NJ Llong","CK Nandan"
"126","RM Deshpande","C Shamshuddin"
"127","S Ravi","RJ Tucker"
"128","HDPK Dharmasena","VA Kulkarni"
"129","HDPK Dharmasena","RJ Tucker"
"130","SD Fry","CB Gaffaney"
"131","AK Chaudhary","K Srinivasan"
"132","CB Gaffaney","K Srinath"
"133","SD Fry","CK Nandan"
"134","M Erasmus","S Ravi"
"135","M Erasmus","S Ravi"
"136","HDPK Dharmasena","CB Gaffaney"
"137","RK Illingworth","S Ravi"
"138","RK Illingworth","VA Kulkarni"
"139","HDPK Dharmasena","CB Gaffaney"
"140","AK Chaudhary","HDPK Dharmasena"
"141","AK Chaudhary","HDPK Dharmasena"
"142","AK Chaudhary","HDPK Dharmasena"
"143","CB Gaffaney","K Srinath"
"144","HDPK Dharmasena","RK Illingworth"
"145","HDPK Dharmasena","VK Sharma"
"146","AK Chaudhary","CK Nandan"
"147","HDPK Dharmasena","VK Sharma"
"148","CB Gaffaney","VK Sharma"
"149","CB Gaffaney","A Nand Kishore"
"150","Nitin Menon","RJ Tucker"
"151","BNJ Oxenford","VK Sharma"
"152","AK Chaudhary","HDPK Dharmasena"
"153","HDPK Dharmasena","CK Nandan"
"154","CB Gaffaney","VK Sharma"
"155","AY Dandekar","VK Sharma"
"156","CB Gaffaney","A Nand Kishore"
"157","A Nand Kishore","BNJ Oxenford"
"158","A Nand Kishore","BNJ Oxenford"
"159","HDPK Dharmasena","BNJ Oxenford"
"160","Nitin Menon","CK Nandan"
"161","Nitin Menon","CK Nandan"
"162","A Deshmukh","NJ Llong"
"163","YC Barde","Nitin Menon"
"164","AY Dandekar","A Deshmukh"
"165","CB Gaffaney","Nitin Menon"
"166","CB Gaffaney","CK Nandan"
"167","NJ Llong","S Ravi"
"168","YC Barde","CK Nandan"
"169","YC Barde","Nitin Menon"
"170","KN Ananthapadmanabhan","AK Chaudhary"
"171","KN Ananthapadmanabhan","M Erasmus"
"172","KN Ananthapadmanabhan","CK Nandan"
"173","CK Nandan","C Shamshuddin"
"174","NJ Llong","S Ravi"
"175","SJ Davis","DJ Harper"
"176","DJ Harper","GA Pratapkumar"
"177","BF Bowden","AV Jayaprakash"
"178","BF Bowden","AV Jayaprakash"
"179","BF Bowden","K Hariharan"
"180","Asad Rauf","AV Jayaprakash"
"181","Aleem Dar","RB Tiffin"
"182","AV Jayaprakash","BG Jerling"
"183","Asad Rauf","IL Howell"
"184","BR Doctrove","DJ Harper"
"185","Asad Rauf","K Hariharan"
"186","DJ Harper","I Shivram"
"187","BR Doctrove","SL Shastri"
"188","BF Bowden","RE Koertzen"
"189","BR Doctrove","RB Tiffin"
"190","DJ Harper","SD Ranade"
"191","BR Doctrove","TH Wijewardene"
"192","IL Howell","TH Wijewardene"
"193","MR Benson","SL Shastri"
"194","HDPK Dharmasena","S Ravi"
"195","RE Koertzen","TH Wijewardene"
"196","MR Benson","HDPK Dharmasena"
"197","GAV Baxter","AM Saheba"
"198","GAV Baxter","HDPK Dharmasena"
"199","BR Doctrove","DJ Harper"
"200","RE Koertzen","S Ravi"
"201","IL Howell","RB Tiffin"
"202","IL Howell","S Ravi"
"203","RE Koertzen","RB Tiffin"
"204","K Hariharan","DJ Harper"
"205","BR Doctrove","SK Tarapore"
"206","RE Koertzen","RB Tiffin"
"207","SS Hazare","SJA Taufel"
"208","HDPK Dharmasena","SJA Taufel"
"209","S Das","K Hariharan"
"210","HDPK Dharmasena","SJA Taufel"
"211","BR Doctrove","S Ravi"
"212","S Asnani","DJ Harper"
"213","M Erasmus","AM Saheba"
"214","BR Doctrove","SK Tarapore"
"215","BR Doctrove","S Ravi"
"216","BG Jerling","RB Tiffin"
"217","BR Doctrove","RB Tiffin"
"218","BR Doctrove","PR Reiffel"
"219","BR Doctrove","PR Reiffel"
"220","Asad Rauf","SL Shastri"
"221","BR Doctrove","PR Reiffel"
"222","Aleem Dar","RB Tiffin"
"223","Aleem Dar","RB Tiffin"
"224","S Asnani","RE Koertzen"
"225","S Asnani","RJ Tucker"
"226","Asad Rauf","SK Tarapore"
"227","SK Tarapore","SJA Taufel"
"228","S Asnani","RJ Tucker"
"229","Asad Rauf","AM Saheba"
"230","Aleem Dar","SS Hazare"
"231","SK Tarapore","RJ Tucker"
"232","RE Koertzen","RB Tiffin"
"233","S Ravi","SK Tarapore"
"234","RE Koertzen","PR Reiffel"
"235","SK Tarapore","SJA Taufel"
"236","Asad Rauf","SJA Taufel"
"237","BF Bowden","SK Tarapore"
"238","S Das","SJA Taufel"
"239","Aleem Dar","BNJ Oxenford"
"240","BF Bowden","SK Tarapore"
"241","BF Bowden","SK Tarapore"
"242","JD Cloete","SJA Taufel"
"243","Asad Rauf","S Das"
"244","S Ravi","RJ Tucker"
"245","BF Bowden","SK Tarapore"
"246","BF Bowden","C Shamshuddin"
"247","Asad Rauf","S Asnani"
"248","Asad Rauf","S Asnani"
"249","HDPK Dharmasena","BNJ Oxenford"
"250","S Ravi","SJA Taufel"
"251","S Das","BR Doctrove"
"252","VA Kulkarni","SK Tarapore"
"253","S Asnani","BR Doctrove"
"254","BF Bowden","HDPK Dharmasena"
"255","VA Kulkarni","C Shamshuddin"
"256","S Asnani","SJA Taufel"
"257","Aleem Dar","C Shamshuddin"
"258","S Ravi","SJA Taufel"
"259","Asad Rauf","AK Chaudhary"
"260","Aleem Dar","C Shamshuddin"
"261","Aleem Dar","C Shamshuddin"
"262","Aleem Dar","C Shamshuddin"
"263","CK Nandan","S Ravi"
"264","CK Nandan","S Ravi"
"265","Asad Rauf","S Asnani"
"266","HDPK Dharmasena","CK Nandan"
"267","C Shamshuddin","RJ Tucker"
"268","S Das","NJ Llong"
"269","Asad Rauf","AK Chaudhary"
"270","VA Kulkarni","K Srinath"
"271","Asad Rauf","S Asnani"
"272","NJ Llong","SJA Taufel"
"273","S Ravi","RJ Tucker"
"274","Aleem Dar","S Ravi"
"275","Aleem Dar","VA Kulkarni"
"276","HDPK Dharmasena","RK Illingworth"
"277","HDPK Dharmasena","C Shamshuddin"
"278","BF Bowden","S Ravi"
"279","BNJ Oxenford","C Shamshuddin"
"280","RM Deshpande","BNJ Oxenford"
"281","AK Chaudhary","NJ Llong"
"282","NJ Llong","CK Nandan"
"283","K Srinath","RJ Tucker"
"284","BNJ Oxenford","C Shamshuddin"
"285","AK Chaudhary","NJ Llong"
"286","BNJ Oxenford","C Shamshuddin"
"287","RM Deshpande","BNJ Oxenford"
"288","VA Kulkarni","BNJ Oxenford"
"289","RK Illingworth","VA Kulkarni"
"290","SD Fry","CB Gaffaney"
"291","AK Chaudhary","M Erasmus"
"292","PG Pathak","S Ravi"
"293","SD Fry","CB Gaffaney"
"294","SD Fry","CK Nandan"
"295","M Erasmus","S Ravi"
"296","RM Deshpande","VA Kulkarni"
"297","AK Chaudhary","K Srinivasan"
"298","AK Chaudhary","M Erasmus"
"299","CB Gaffaney","CK Nandan"
"300","M Erasmus","CK Nandan"
"301","RK Illingworth","VA Kulkarni"
"302","HDPK Dharmasena","K Srinivasan"
"303","AK Chaudhary","CB Gaffaney"
"304","AK Chaudhary","VA Kulkarni"
"305","S Ravi","C Shamshuddin"
"306","VA Kulkarni","A Nand Kishore"
"307","K Bharatan","HDPK Dharmasena"
"308","K Bharatan","BNJ Oxenford"
"309","M Erasmus","S Ravi"
"310","AK Chaudhary","HDPK Dharmasena"
"311","CB Gaffaney","BNJ Oxenford"
"312","CB Gaffaney","BNJ Oxenford"
"313","AK Chaudhary","HDPK Dharmasena"
"314","HDPK Dharmasena","CK Nandan"
"315","Nitin Menon","CK Nandan"
"316","AK Chaudhary","CK Nandan"
"317","KN Ananthapadmanabhan","M Erasmus"
"318","M Erasmus","CK Nandan"
"1001","A Nand Kishore","S Ravi"
"1002","A Deshmukh","NJ Llong"
"1003","Nitin Menon","CK Nandan"
"1004","AY Dandekar","NJ Llong"
"1005","Nitin Menon","CK Nandan"
"1006","M Erasmus","C Shamshuddin"
"1007","AK Chaudhary","M Erasmus"
"1008","AK Chaudhary","C Shamshuddin"
"1009","AK Chaudhary","CB Gaffaney"
"1010","M Erasmus","C Shamshuddin"
"1011","CB Gaffaney","C Shamshuddin"
"1012","A Nand Kishore","VK Sharma"
"1013","A Deshmukh","A Nand Kishore"
"1014","AY Dandekar","A Deshmukh"
"1015","NJ Llong","Nitin Menon"
"1016","Aleem Dar","GA Pratapkumar"
"1017","IL Howell","AM Saheba"
"1018","MR Benson","IL Howell"
"1019","BR Doctrove","RB Tiffin"
"1020","RE Koertzen","GA Pratapkumar"
"1021","IL Howell","RE Koertzen"
"1022","DJ Harper","RE Koertzen"
"1023","BF Bowden","AV Jayaprakash"
"1024","BR Doctrove","I Shivram"
"1025","BG Jerling","GA Pratapkumar"
"1026","BR Doctrove","DJ Harper"
"1027","BF Bowden","GA Pratapkumar"
"1028","DJ Harper","SL Shastri"
"1029","BG Jerling","AM Saheba"
"1030","BR Doctrove","K Hariharan"
"1031","BG Jerling","SJA Taufel"
"1032","MR Benson","M Erasmus"
"1033","M Erasmus","K Hariharan"
"1034","MR Benson","TH Wijewardene"
"1035","M Erasmus","SK Tarapore"
"1036","S Asnani","MR Benson"
"1037","GAV Baxter","IL Howell"
"1038","M Erasmus","SK Tarapore"
"1039","SL Shastri","RB Tiffin"
"1040","DJ Harper","SL Shastri"
"1041","SK Tarapore","SJA Taufel"
"1042","SJA Taufel","RB Tiffin"
"1043","IL Howell","S Ravi"
"1044","RE Koertzen","SJA Taufel"
"1045","HDPK Dharmasena","AM Saheba"
"1046","HDPK Dharmasena","AM Saheba"
"1047","BF Bowden","M Erasmus"
"1048","K Hariharan","DJ Harper"
"1049","BF Bowden","AM Saheba"
"1050","SS Hazare","SJA Taufel"
"1051","BG Jerling","RE Koertzen"
"1052","RE Koertzen","RB Tiffin"
"1053","HDPK Dharmasena","SJA Taufel"
"1054","S Asnani","DJ Harper"
"1055","BF Bowden","AM Saheba"
"1056","SS Hazare","SJA Taufel"
"1057","HDPK Dharmasena","SJA Taufel"
"1058","BG Jerling","RE Koertzen"
"1059","RE Koertzen","SJA Taufel"
"1060","AM Saheba","RB Tiffin"
"1061","HDPK Dharmasena","AL Hill"
"1062","Aleem Dar","SS Hazare"
"1063","Asad Rauf","AM Saheba"
"1064","Asad Rauf","AM Saheba"
"1065","SS Hazare","RB Tiffin"
"1066","Aleem Dar","RB Tiffin"
"1067","PR Reiffel","RJ Tucker"
"1068","AM Saheba","SL Shastri"
"1069","Asad Rauf","SL Shastri"
"1070","S Ravi","RJ Tucker"
"1071","K Hariharan","SJA Taufel"
"1072","Asad Rauf","AM Saheba"
"1073","S Asnani","RJ Tucker"
"1074","PR Reiffel","RJ Tucker"
"1075","S Ravi","SJA Taufel"
"1076","K Hariharan","RE Koertzen"
"1077","Asad Rauf","SJA Taufel"
"1078","AK Chaudhary","SJA Taufel"
"1079","BF Bowden","VA Kulkarni"
"1080","Asad Rauf","SK Tarapore"
"1081","Asad Rauf","S Asnani"
"1082","JD Cloete","RJ Tucker"
"1083","JD Cloete","RJ Tucker"
"1084","Aleem Dar","BNJ Oxenford"
"1085","Asad Rauf","S Asnani"
"1086","Aleem Dar","BNJ Oxenford"
"1087","AK Chaudhary","BNJ Oxenford"
"1088","BF Bowden","C Shamshuddin"
"1089","JD Cloete","SJA Taufel"
"1090","Asad Rauf","BR Doctrove"
"1091","BF Bowden","SK Tarapore"
"1092","HDPK Dharmasena","BNJ Oxenford"
"1093","S Das","BR Doctrove"
"1094","BF Bowden","VA Kulkarni"
"1095","BR Doctrove","SJA Taufel"
"1096","S Ravi","SJA Taufel"
"1097","M Erasmus","VA Kulkarni"
"1098","M Erasmus","VA Kulkarni"
"1099","Aleem Dar","Subroto Das"
"1100","Aleem Dar","C Shamshuddin"
"1101","Asad Rauf","AK Chaudhary"
"1102","Asad Rauf","AK Chaudhary"
"1103","S Asnani","AK Chaudhary"
"1104","Aleem Dar","S Das"
"1105","Aleem Dar","SJA Taufel"
"1106","S Das","SJA Taufel"
"1107","Aleem Dar","C Shamshuddin"
"1108","HDPK Dharmasena","CK Nandan"
"1109","HDPK Dharmasena","S Ravi"
"1110","NJ Llong","K Srinath"
"1111","HDPK Dharmasena","CK Nandan"
"1112","C Shamshuddin","RJ Tucker"
"1113","HDPK Dharmasena","CK Nandan"
"1114","NJ Llong","RJ Tucker"
"1115","M Erasmus","RK Illingworth"
"1116","Aleem Dar","AK Chaudhary"
"1117","M Erasmus","S Ravi"
"1118","BF Bowden","M Erasmus"
"1119","AK Chaudhary","VA Kulkarni"
"1120","AK Chaudhary","NJ Llong"
"1121","NJ Llong","CK Nandan"
"1122","HDPK Dharmasena","PG Pathak"
"1123","HDPK Dharmasena","VA Kulkarni"
"1124","BNJ Oxenford","C Shamshuddin"
"1125","S Ravi","RJ Tucker"
"1126","HDPK Dharmasena","PG Pathak"
"1127","AK Chaudhary","CK Nandan"
"1128","AK Chaudhary","NJ Llong"
"1129","NJ Llong","S Ravi"
"1130","S Ravi","C Shamshuddin"
"1131","S Ravi","C Shamshuddin"
"1132","AK Chaudhary","SD Fry"
"1133","AK Chaudhary","M Erasmus"
"1134","RK Illingworth","VA Kulkarni"
"1135","JD Cloete","C Shamshuddin"
"1136","JD Cloete","C Shamshuddin"
"1137","JD Cloete","PG Pathak"
"1138","JD Cloete","PG Pathak"
"1139","C Shamshuddin","K Srinath"
"1140","JD Cloete","C Shamshuddin"
"1141","JD Cloete","C Shamshuddin"
"1142","JD Cloete","C Shamshuddin"
"1143","RM Deshpande","RK Illingworth"
"1144","AK Chaudhary","C Shamshuddin"
"1145","S Ravi","C Shamshuddin"
"1146","VA Kulkarni","CK Nandan"
"1147","S Ravi","C Shamshuddin"
"1148","AK Chaudhary","CK Nandan"
"1149","AK Chaudhary","CK Nandan"
"1150","AY Dandekar","CK Nandan"
"1151","KN Ananthapadmanabhan","M Erasmus"
"1152","M Erasmus","S Ravi"
"1153","M Erasmus","S Ravi"
"1154","M Erasmus","RJ Tucker"
"1155","K Bharatan","M Erasmus"
"1156","KN Ananthapadmanabhan","M Erasmus"
"1157","KN Ananthapadmanabhan","M Erasmus"
"1158","AK Chaudhary","CK Nandan"
"1159","M Erasmus","C Shamshuddin"
"1160","AY Dandekar","NJ Llong"
"1161","",""
"1162","AY Dandekar","S Ravi"
"1163","A Nand Kishore","S Ravi"
"1164","KN Ananthapadmanabhan","C Shamshuddin"
"1165","CB Gaffaney","NJ Llong"
"1166","AY Dandekar","A Deshmukh"
"1167","AY Dandekar","NJ Llong"
"1168","KN Ananthapadmanabhan","M Erasmus"
"1169","AK Chaudhary","CB Gaffaney"
"1170","M Erasmus","Nitin Menon"
"1171","AY Dandekar","C Shamshuddin"
"1172","YC Barde","AK Chaudhary"
"1173","A Nand Kishore","S Ravi"
"1174","AK Chaudhary","Nitin Menon"
"1175","MR Benson","SL Shastri"
"1176","Aleem Dar","RB Tiffin"
"1177","Aleem Dar","AM Saheba"
"1178","RE Koertzen","I Shivram"
"1179","BR Doctrove","RB Tiffin"
"1180","DJ Harper","I Shivram"
"1181","MR Benson","RB Tiffin"
"1182","MR Benson","AM Saheba"
"1183","SJ Davis","RE Koertzen"
"1184","SJ Davis","K Hariharan"
"1185","BF Bowden","SL Shastri"
"1186","BG Jerling","RE Koertzen"
"1187","BF Bowden","K Hariharan"
"1188","BF Bowden","K Hariharan"
"1189","BF Bowden","RE Koertzen"
"1190","MR Benson","BR Doctrove"
"1191","BR Doctrove","SJA Taufel"
"1192","S Asnani","BG Jerling"
"1193","GAV Baxter","RE Koertzen"
"1194","GAV Baxter","RE Koertzen"
"1195","DJ Harper","RE Koertzen"
"1196","SS Hazare","IL Howell"
"1197","DJ Harper","TH Wijewardene"
"1198","BR Doctrove","BG Jerling"
"1199","SS Hazare","RE Koertzen"
"1200","HDPK Dharmasena","IL Howell"
"1201","SS Hazare","IL Howell"
"1202","BG Jerling","SJA Taufel"
"1203","RE Koertzen","SJA Taufel"
"1204","BR Doctrove","S Ravi"
"1205","S Das","DJ Harper"
"1206","BR Doctrove","SK Tarapore"
"1207","BF Bowden","M Erasmus"
"1208","BR Doctrove","SK Tarapore"
"1209","BG Jerling","RE Koertzen"
"1210","BR Doctrove","SK Tarapore"
"1211","BF Bowden","M Erasmus"
"1212","BF Bowden","M Erasmus"
"1213","BG Jerling","RE Koertzen"
"1214","K Hariharan","DJ Harper"
"1215","S Asnani","DJ Harper"
"1216","M Erasmus","AM Saheba"
"1217","BR Doctrove","SK Tarapore"
"1218","RE Koertzen","SJA Taufel"
"1219","HDPK Dharmasena","K Hariharan"
"1220","Aleem Dar","RB Tiffin"
"1221","RE Koertzen","S Ravi"
"1222","RE Koertzen","S Ravi"
"1223","PR Reiffel","RJ Tucker"
"1224","Asad Rauf","AM Saheba"
"1225","BR Doctrove","SK Tarapore"
"1226","HDPK Dharmasena","AL Hill"
"1227","HDPK Dharmasena","AL Hill"
"1228","HDPK Dharmasena","PR Reiffel"
"1229","HDPK Dharmasena","SJA Taufel"
"1230","Asad Rauf","PR Reiffel"
"1231","K Hariharan","SJA Taufel"
"1232","AM Saheba","SL Shastri"
"1233","Asad Rauf","SL Shastri"
"1234","HDPK Dharmasena","RE Koertzen"
"1235","SS Hazare","RJ Tucker"
"1236","Asad Rauf","SJA Taufel"
"1237","S Asnani","HDPK Dharmasena"
"1238","JD Cloete","HDPK Dharmasena"
"1239","S Ravi","RJ Tucker"
"1240","VA Kulkarni","SK Tarapore"
"1241","Asad Rauf","S Asnani"
"1242","S Asnani","S Das"
"1243","S Ravi","RJ Tucker"
"1244","BF Bowden","SK Tarapore"
"1245","S Ravi","RJ Tucker"
"1246","S Ravi","RJ Tucker"
"1247","JD Cloete","SJA Taufel"
"1248","BF Bowden","SK Tarapore"
"1249","JD Cloete","S Ravi"
"1250","BNJ Oxenford","C Shamshuddin"
"1251","BF Bowden","SK Tarapore"
"1252","HDPK Dharmasena","BNJ Oxenford"
"1253","S Ravi","SJA Taufel"
"1254","HDPK Dharmasena","C Shamshuddin"
"1255","BF Bowden","SJA Taufel"
"1256","S Das","C Shamshuddin"
"1257","Aleem Dar","S Das"
"1258","M Erasmus","K Srinath"
"1259","M Erasmus","VA Kulkarni"
"1260","M Erasmus","VA Kulkarni"
"1261","HDPK Dharmasena","CK Nandan"
"1262","M Erasmus","K Srinath"
"1263","HDPK Dharmasena","S Ravi"
"1264","Asad Rauf","S Asnani"
"1265","Asad Rauf","AK Chaudhary"
"1266","M Erasmus","VA Kulkarni"
"1267","HDPK Dharmasena","S Ravi"
"1268","Aleem Dar","RJ Tucker"
"1269","Asad Rauf","S Asnani"
"1270","NJ Llong","K Srinath"
"1271","NJ Llong","K Srinath"
"1272","Asad Rauf","AK Chaudhary"
"1273","Asad Rauf","S Asnani"
"1274","HDPK Dharmasena","SJA Taufel"
"1275","BF Bowden","RK Illingworth"
"1276","RK Illingworth","C Shamshuddin"
"1277","M Erasmus","S Ravi"
"1278","Aleem Dar","VA Kulkarni"
"1279","HDPK Dharmasena","M Erasmus"
"1280","HDPK Dharmasena","VA Kulkarni"
"1281","BNJ Oxenford","C Shamshuddin"
"1282","RM Deshpande","BNJ Oxenford"
"1283","HDPK Dharmasena","VA Kulkarni"
"1284","AK Chaudhary","NJ Llong"
"1285","S Ravi","RJ Tucker"
"1286","HDPK Dharmasena","VA Kulkarni"
"1287","HDPK Dharmasena","PG Pathak"
"1288","K Srinath","RJ Tucker"
"1289","HDPK Dharmasena","BNJ Oxenford"
"1290","RK Illingworth","VA Kulkarni"
"1291","RM Deshpande","RK Illingworth"
"1292","PG Pathak","S Ravi"
"1293","AK Chaudhary","M Erasmus"
"1294","RK Illingworth","VA Kulkarni"
"1295","HDPK Dharmasena","CB Gaffaney"
"1296","AK Chaudhary","M Erasmus"
"1297","HDPK Dharmasena","CK Nandan"
"1298","HDPK Dharmasena","CB Gaffaney"
"1299","RK Illingworth","VA Kulkarni"
"1300","VA Kulkarni","S Ravi"
"1301","RK Illingworth","VA Kulkarni"
"1302","CK Nandan","C Shamshuddin"
"1303","HDPK Dharmasena","RK Illingworth"
"1304","HDPK Dharmasena","CK Nandan"
"1305","Nitin Menon","S Ravi"
"1306","HDPK Dharmasena","VK Sharma"
"1307","S Ravi","C Shamshuddin"
"1308","S Ravi","C Shamshuddin"
"1309","Nitin Menon","RJ Tucker"
"1310","CB Gaffaney","BNJ Oxenford"
"1311","AY Dandekar","RJ Tucker"
"1312","C Shamshuddin","RJ Tucker"
"1313","S Ravi","C Shamshuddin"
"1314","AY Dandekar","C Shamshuddin"
"1315","A Nand Kishore","BNJ Oxenford"
"1316","Nitin Menon","C Shamshuddin"
"1317","HDPK Dharmasena","Nitin Menon"
"1318","AK Chaudhary","HDPK Dharmasena"
