"TEAM1","WINNER","MATCH_ID","WIN_BY_RUNS","WIN_BY_WICKETS","TEAM2"
"SUNRISERS HYDERABAD","SUNRISERS HYDERABAD","1","35","0","ROYAL CHALLENGERS BANGALORE"
"MUMBAI INDIANS","RISING PUNE SUPERGIANT","2","0","7","RISING PUNE SUPERGIANT"
"GUJARAT LIONS","KOLKATA KNIGHT RIDERS","3","0","10","KOLKATA KNIGHT RIDERS"
"RISING PUNE SUPERGIANT","KINGS XI PUNJAB","4","0","6","KINGS XI PUNJAB"
"ROYAL CHALLENGERS BANGALORE","ROYAL CHALLENGERS BANGALORE","5","15","0","DELHI DAREDEVILS"
"GUJARAT LIONS","SUNRISERS HYDERABAD","6","0","9","SUNRISERS HYDERABAD"
"KOLKATA KNIGHT RIDERS","MUMBAI INDIANS","7","0","4","MUMBAI INDIANS"
"ROYAL CHALLENGERS BANGALORE","KINGS XI PUNJAB","8","0","8","KINGS XI PUNJAB"
"DELHI DAREDEVILS","DELHI DAREDEVILS","9","97","0","RISING PUNE SUPERGIANT"
"SUNRISERS HYDERABAD","MUMBAI INDIANS","10","0","4","MUMBAI INDIANS"
"KINGS XI PUNJAB","KOLKATA KNIGHT RIDERS","11","0","8","KOLKATA KNIGHT RIDERS"
"ROYAL CHALLENGERS BANGALORE","MUMBAI INDIANS","12","0","4","MUMBAI INDIANS"
"RISING PUNE SUPERGIANT","GUJARAT LIONS","13","0","7","GUJARAT LIONS"
"KOLKATA KNIGHT RIDERS","KOLKATA KNIGHT RIDERS","14","17","0","SUNRISERS HYDERABAD"
"DELHI DAREDEVILS","DELHI DAREDEVILS","15","51","0","KINGS XI PUNJAB"
"GUJARAT LIONS","MUMBAI INDIANS","16","0","6","MUMBAI INDIANS"
"RISING PUNE SUPERGIANT","RISING PUNE SUPERGIANT","17","27","0","ROYAL CHALLENGERS BANGALORE"
"DELHI DAREDEVILS","KOLKATA KNIGHT RIDERS","18","0","4","KOLKATA KNIGHT RIDERS"
"SUNRISERS HYDERABAD","SUNRISERS HYDERABAD","19","5","0","KINGS XI PUNJAB"
"ROYAL CHALLENGERS BANGALORE","ROYAL CHALLENGERS BANGALORE","20","21","0","GUJARAT LIONS"
"SUNRISERS HYDERABAD","SUNRISERS HYDERABAD","21","15","0","DELHI DAREDEVILS"
"KINGS XI PUNJAB","MUMBAI INDIANS","22","0","8","MUMBAI INDIANS"
"KOLKATA KNIGHT RIDERS","GUJARAT LIONS","23","0","4","GUJARAT LIONS"
"MUMBAI INDIANS","MUMBAI INDIANS","24","14","0","DELHI DAREDEVILS"
"SUNRISERS HYDERABAD","RISING PUNE SUPERGIANT","25","0","6","RISING PUNE SUPERGIANT"
"KINGS XI PUNJAB","KINGS XI PUNJAB","26","26","0","GUJARAT LIONS"
"KOLKATA KNIGHT RIDERS","KOLKATA KNIGHT RIDERS","27","82","0","ROYAL CHALLENGERS BANGALORE"
"RISING PUNE SUPERGIANT","RISING PUNE SUPERGIANT","28","3","0","MUMBAI INDIANS"
"RISING PUNE SUPERGIANT","KOLKATA KNIGHT RIDERS","29","0","7","KOLKATA KNIGHT RIDERS"
"ROYAL CHALLENGERS BANGALORE","GUJARAT LIONS","30","0","7","GUJARAT LIONS"
"DELHI DAREDEVILS","KOLKATA KNIGHT RIDERS","31","0","7","KOLKATA KNIGHT RIDERS"
"SUNRISERS HYDERABAD","SUNRISERS HYDERABAD","32","26","0","KINGS XI PUNJAB"
"RISING PUNE SUPERGIANT","RISING PUNE SUPERGIANT","33","61","0","ROYAL CHALLENGERS BANGALORE"
"GUJARAT LIONS","MUMBAI INDIANS","34","0","0","MUMBAI INDIANS"
"DELHI DAREDEVILS","KINGS XI PUNJAB","35","0","10","KINGS XI PUNJAB"
"SUNRISERS HYDERABAD","SUNRISERS HYDERABAD","36","48","0","KOLKATA KNIGHT RIDERS"
"ROYAL CHALLENGERS BANGALORE","MUMBAI INDIANS","37","0","5","MUMBAI INDIANS"
"GUJARAT LIONS","RISING PUNE SUPERGIANT","38","0","5","RISING PUNE SUPERGIANT"
"SUNRISERS HYDERABAD","DELHI DAREDEVILS","39","0","6","DELHI DAREDEVILS"
"KOLKATA KNIGHT RIDERS","RISING PUNE SUPERGIANT","40","0","4","RISING PUNE SUPERGIANT"
"GUJARAT LIONS","DELHI DAREDEVILS","41","0","7","DELHI DAREDEVILS"
"KINGS XI PUNJAB","KINGS XI PUNJAB","42","19","0","ROYAL CHALLENGERS BANGALORE"
"RISING PUNE SUPERGIANT","RISING PUNE SUPERGIANT","43","12","0","SUNRISERS HYDERABAD"
"MUMBAI INDIANS","MUMBAI INDIANS","44","146","0","DELHI DAREDEVILS"
"ROYAL CHALLENGERS BANGALORE","KOLKATA KNIGHT RIDERS","45","0","6","KOLKATA KNIGHT RIDERS"
"KINGS XI PUNJAB","GUJARAT LIONS","46","0","6","GUJARAT LIONS"
"MUMBAI INDIANS","SUNRISERS HYDERABAD","47","0","7","SUNRISERS HYDERABAD"
"KINGS XI PUNJAB","KINGS XI PUNJAB","48","14","0","KOLKATA KNIGHT RIDERS"
"GUJARAT LIONS","DELHI DAREDEVILS","49","0","2","DELHI DAREDEVILS"
"KINGS XI PUNJAB","KINGS XI PUNJAB","50","7","0","MUMBAI INDIANS"
"DELHI DAREDEVILS","DELHI DAREDEVILS","51","7","0","RISING PUNE SUPERGIANT"
"GUJARAT LIONS","SUNRISERS HYDERABAD","52","0","8","SUNRISERS HYDERABAD"
"MUMBAI INDIANS","MUMBAI INDIANS","53","9","0","KOLKATA KNIGHT RIDERS"
"KINGS XI PUNJAB","RISING PUNE SUPERGIANT","54","0","9","RISING PUNE SUPERGIANT"
"ROYAL CHALLENGERS BANGALORE","ROYAL CHALLENGERS BANGALORE","55","10","0","DELHI DAREDEVILS"
"RISING PUNE SUPERGIANT","RISING PUNE SUPERGIANT","56","20","0","MUMBAI INDIANS"
"SUNRISERS HYDERABAD","KOLKATA KNIGHT RIDERS","57","0","7","KOLKATA KNIGHT RIDERS"
"KOLKATA KNIGHT RIDERS","MUMBAI INDIANS","58","0","6","MUMBAI INDIANS"
"MUMBAI INDIANS","MUMBAI INDIANS","59","1","0","RISING PUNE SUPERGIANT"
"KOLKATA KNIGHT RIDERS","KOLKATA KNIGHT RIDERS","60","140","0","ROYAL CHALLENGERS BANGALORE"
"CHENNAI SUPER KINGS","CHENNAI SUPER KINGS","61","33","0","KINGS XI PUNJAB"
"RAJASTHAN ROYALS","DELHI DAREDEVILS","62","0","9","DELHI DAREDEVILS"
"MUMBAI INDIANS","ROYAL CHALLENGERS BANGALORE","63","0","5","ROYAL CHALLENGERS BANGALORE"
"DECCAN CHARGERS","KOLKATA KNIGHT RIDERS","64","0","5","KOLKATA KNIGHT RIDERS"
"KINGS XI PUNJAB","RAJASTHAN ROYALS","65","0","6","RAJASTHAN ROYALS"
"DECCAN CHARGERS","DELHI DAREDEVILS","66","0","9","DELHI DAREDEVILS"
"CHENNAI SUPER KINGS","CHENNAI SUPER KINGS","67","6","0","MUMBAI INDIANS"
"DECCAN CHARGERS","RAJASTHAN ROYALS","68","0","3","RAJASTHAN ROYALS"
"KINGS XI PUNJAB","KINGS XI PUNJAB","69","66","0","MUMBAI INDIANS"
"ROYAL CHALLENGERS BANGALORE","RAJASTHAN ROYALS","70","0","7","RAJASTHAN ROYALS"
"KOLKATA KNIGHT RIDERS","CHENNAI SUPER KINGS","71","0","9","CHENNAI SUPER KINGS"
"MUMBAI INDIANS","DECCAN CHARGERS","72","0","10","DECCAN CHARGERS"
"DELHI DAREDEVILS","KINGS XI PUNJAB","73","0","4","KINGS XI PUNJAB"
"CHENNAI SUPER KINGS","CHENNAI SUPER KINGS","74","13","0","ROYAL CHALLENGERS BANGALORE"
"KOLKATA KNIGHT RIDERS","MUMBAI INDIANS","75","0","7","MUMBAI INDIANS"
"DELHI DAREDEVILS","DELHI DAREDEVILS","76","10","0","ROYAL CHALLENGERS BANGALORE"
"DECCAN CHARGERS","KINGS XI PUNJAB","77","0","7","KINGS XI PUNJAB"
"RAJASTHAN ROYALS","RAJASTHAN ROYALS","78","45","0","KOLKATA KNIGHT RIDERS"
"CHENNAI SUPER KINGS","DELHI DAREDEVILS","79","0","8","DELHI DAREDEVILS"
"DECCAN CHARGERS","ROYAL CHALLENGERS BANGALORE","80","0","5","ROYAL CHALLENGERS BANGALORE"
"KINGS XI PUNJAB","KINGS XI PUNJAB","81","9","0","KOLKATA KNIGHT RIDERS"
"MUMBAI INDIANS","MUMBAI INDIANS","82","29","0","DELHI DAREDEVILS"
"CHENNAI SUPER KINGS","RAJASTHAN ROYALS","83","0","8","RAJASTHAN ROYALS"
"ROYAL CHALLENGERS BANGALORE","KINGS XI PUNJAB","84","0","6","KINGS XI PUNJAB"
"CHENNAI SUPER KINGS","DECCAN CHARGERS","85","0","7","DECCAN CHARGERS"
"RAJASTHAN ROYALS","MUMBAI INDIANS","86","0","7","MUMBAI INDIANS"
"DELHI DAREDEVILS","CHENNAI SUPER KINGS","87","0","4","CHENNAI SUPER KINGS"
"KOLKATA KNIGHT RIDERS","KOLKATA KNIGHT RIDERS","88","5","0","ROYAL CHALLENGERS BANGALORE"
"DECCAN CHARGERS","RAJASTHAN ROYALS","89","0","8","RAJASTHAN ROYALS"
"ROYAL CHALLENGERS BANGALORE","MUMBAI INDIANS","90","0","9","MUMBAI INDIANS"
"CHENNAI SUPER KINGS","CHENNAI SUPER KINGS","91","18","0","KINGS XI PUNJAB"
"KOLKATA KNIGHT RIDERS","KOLKATA KNIGHT RIDERS","92","23","0","DECCAN CHARGERS"
"DELHI DAREDEVILS","RAJASTHAN ROYALS","93","0","3","RAJASTHAN ROYALS"
"ROYAL CHALLENGERS BANGALORE","KINGS XI PUNJAB","94","0","9","KINGS XI PUNJAB"
"KOLKATA KNIGHT RIDERS","KOLKATA KNIGHT RIDERS","95","23","0","DELHI DAREDEVILS"
"CHENNAI SUPER KINGS","MUMBAI INDIANS","96","0","9","MUMBAI INDIANS"
"KINGS XI PUNJAB","KINGS XI PUNJAB","97","41","0","RAJASTHAN ROYALS"
"DELHI DAREDEVILS","DELHI DAREDEVILS","98","12","0","DECCAN CHARGERS"
"KOLKATA KNIGHT RIDERS","MUMBAI INDIANS","99","0","8","MUMBAI INDIANS"
"DELHI DAREDEVILS","KINGS XI PUNJAB","100","6","0","KINGS XI PUNJAB"
"RAJASTHAN ROYALS","RAJASTHAN ROYALS","101","65","0","ROYAL CHALLENGERS BANGALORE"
"MUMBAI INDIANS","MUMBAI INDIANS","102","25","0","DECCAN CHARGERS"
"KOLKATA KNIGHT RIDERS","CHENNAI SUPER KINGS","103","3","0","CHENNAI SUPER KINGS"
"ROYAL CHALLENGERS BANGALORE","DELHI DAREDEVILS","104","0","5","DELHI DAREDEVILS"
"KOLKATA KNIGHT RIDERS","RAJASTHAN ROYALS","105","0","6","RAJASTHAN ROYALS"
"KINGS XI PUNJAB","KINGS XI PUNJAB","106","1","0","MUMBAI INDIANS"
"ROYAL CHALLENGERS BANGALORE","ROYAL CHALLENGERS BANGALORE","107","14","0","CHENNAI SUPER KINGS"
"DECCAN CHARGERS","KINGS XI PUNJAB","108","0","6","KINGS XI PUNJAB"
"MUMBAI INDIANS","DELHI DAREDEVILS","109","0","5","DELHI DAREDEVILS"
"RAJASTHAN ROYALS","RAJASTHAN ROYALS","110","10","0","CHENNAI SUPER KINGS"
"ROYAL CHALLENGERS BANGALORE","ROYAL CHALLENGERS BANGALORE","111","3","0","DECCAN CHARGERS"
"KINGS XI PUNJAB","KOLKATA KNIGHT RIDERS","112","0","3","KOLKATA KNIGHT RIDERS"
"MUMBAI INDIANS","RAJASTHAN ROYALS","113","0","5","RAJASTHAN ROYALS"
"DECCAN CHARGERS","CHENNAI SUPER KINGS","114","0","7","CHENNAI SUPER KINGS"
"RAJASTHAN ROYALS","RAJASTHAN ROYALS","115","105","0","DELHI DAREDEVILS"
"KINGS XI PUNJAB","CHENNAI SUPER KINGS","116","0","9","CHENNAI SUPER KINGS"
"CHENNAI SUPER KINGS","RAJASTHAN ROYALS","117","0","3","RAJASTHAN ROYALS"
"MUMBAI INDIANS","MUMBAI INDIANS","118","19","0","CHENNAI SUPER KINGS"
"ROYAL CHALLENGERS BANGALORE","ROYAL CHALLENGERS BANGALORE","119","75","0","RAJASTHAN ROYALS"
"KINGS XI PUNJAB","DELHI DAREDEVILS","120","0","10","DELHI DAREDEVILS"
"KOLKATA KNIGHT RIDERS","DECCAN CHARGERS","121","0","8","DECCAN CHARGERS"
"CHENNAI SUPER KINGS","CHENNAI SUPER KINGS","122","92","0","ROYAL CHALLENGERS BANGALORE"
"KINGS XI PUNJAB","KOLKATA KNIGHT RIDERS","123","11","0","KOLKATA KNIGHT RIDERS"
"DECCAN CHARGERS","DECCAN CHARGERS","124","24","0","ROYAL CHALLENGERS BANGALORE"
"DELHI DAREDEVILS","DELHI DAREDEVILS","125","9","0","CHENNAI SUPER KINGS"
"RAJASTHAN ROYALS","RAJASTHAN ROYALS","126","0","0","KOLKATA KNIGHT RIDERS"
"ROYAL CHALLENGERS BANGALORE","KINGS XI PUNJAB","127","0","7","KINGS XI PUNJAB"
"DECCAN CHARGERS","DECCAN CHARGERS","128","12","0","MUMBAI INDIANS"
"ROYAL CHALLENGERS BANGALORE","DELHI DAREDEVILS","129","0","6","DELHI DAREDEVILS"
"KINGS XI PUNJAB","KINGS XI PUNJAB","130","27","0","RAJASTHAN ROYALS"
"CHENNAI SUPER KINGS","DECCAN CHARGERS","131","0","6","DECCAN CHARGERS"
"MUMBAI INDIANS","MUMBAI INDIANS","132","92","0","KOLKATA KNIGHT RIDERS"
"DELHI DAREDEVILS","RAJASTHAN ROYALS","133","0","5","RAJASTHAN ROYALS"
"KOLKATA KNIGHT RIDERS","ROYAL CHALLENGERS BANGALORE","134","0","5","ROYAL CHALLENGERS BANGALORE"
"KINGS XI PUNJAB","KINGS XI PUNJAB","135","3","0","MUMBAI INDIANS"
"DECCAN CHARGERS","DELHI DAREDEVILS","136","0","6","DELHI DAREDEVILS"
"CHENNAI SUPER KINGS","CHENNAI SUPER KINGS","137","38","0","RAJASTHAN ROYALS"
"MUMBAI INDIANS","MUMBAI INDIANS","138","9","0","KOLKATA KNIGHT RIDERS"
"ROYAL CHALLENGERS BANGALORE","ROYAL CHALLENGERS BANGALORE","139","8","0","KINGS XI PUNJAB"
"DECCAN CHARGERS","RAJASTHAN ROYALS","140","0","3","RAJASTHAN ROYALS"
"CHENNAI SUPER KINGS","CHENNAI SUPER KINGS","141","18","0","DELHI DAREDEVILS"
"KOLKATA KNIGHT RIDERS","KINGS XI PUNJAB","142","0","6","KINGS XI PUNJAB"
"MUMBAI INDIANS","ROYAL CHALLENGERS BANGALORE","143","0","9","ROYAL CHALLENGERS BANGALORE"
"CHENNAI SUPER KINGS","CHENNAI SUPER KINGS","144","78","0","DECCAN CHARGERS"
"RAJASTHAN ROYALS","RAJASTHAN ROYALS","145","78","0","KINGS XI PUNJAB"
"KOLKATA KNIGHT RIDERS","DELHI DAREDEVILS","146","0","9","DELHI DAREDEVILS"
"DECCAN CHARGERS","DECCAN CHARGERS","147","19","0","MUMBAI INDIANS"
"ROYAL CHALLENGERS BANGALORE","RAJASTHAN ROYALS","148","0","7","RAJASTHAN ROYALS"
"CHENNAI SUPER KINGS","CHENNAI SUPER KINGS","149","12","0","KINGS XI PUNJAB"
"MUMBAI INDIANS","DELHI DAREDEVILS","150","0","7","DELHI DAREDEVILS"
"DECCAN CHARGERS","KINGS XI PUNJAB","151","0","3","KINGS XI PUNJAB"
"RAJASTHAN ROYALS","CHENNAI SUPER KINGS","152","0","7","CHENNAI SUPER KINGS"
"MUMBAI INDIANS","MUMBAI INDIANS","153","16","0","ROYAL CHALLENGERS BANGALORE"
"KOLKATA KNIGHT RIDERS","DELHI DAREDEVILS","154","0","7","DELHI DAREDEVILS"
"DECCAN CHARGERS","DECCAN CHARGERS","155","53","0","RAJASTHAN ROYALS"
"KOLKATA KNIGHT RIDERS","ROYAL CHALLENGERS BANGALORE","156","0","6","ROYAL CHALLENGERS BANGALORE"
"KINGS XI PUNJAB","MUMBAI INDIANS","157","0","8","MUMBAI INDIANS"
"DELHI DAREDEVILS","DELHI DAREDEVILS","158","12","0","DECCAN CHARGERS"
"CHENNAI SUPER KINGS","ROYAL CHALLENGERS BANGALORE","159","0","2","ROYAL CHALLENGERS BANGALORE"
"RAJASTHAN ROYALS","RAJASTHAN ROYALS","160","2","0","MUMBAI INDIANS"
"DELHI DAREDEVILS","KINGS XI PUNJAB","161","0","6","KINGS XI PUNJAB"
"MUMBAI INDIANS","CHENNAI SUPER KINGS","162","0","7","CHENNAI SUPER KINGS"
"KOLKATA KNIGHT RIDERS","DECCAN CHARGERS","163","0","6","DECCAN CHARGERS"
"KINGS XI PUNJAB","KINGS XI PUNJAB","164","1","0","DECCAN CHARGERS"
"DELHI DAREDEVILS","DELHI DAREDEVILS","165","14","0","RAJASTHAN ROYALS"
"CHENNAI SUPER KINGS","KOLKATA KNIGHT RIDERS","166","0","7","KOLKATA KNIGHT RIDERS"
"DELHI DAREDEVILS","ROYAL CHALLENGERS BANGALORE","167","0","7","ROYAL CHALLENGERS BANGALORE"
"RAJASTHAN ROYALS","KOLKATA KNIGHT RIDERS","168","0","4","KOLKATA KNIGHT RIDERS"
"CHENNAI SUPER KINGS","CHENNAI SUPER KINGS","169","24","0","KINGS XI PUNJAB"
"MUMBAI INDIANS","DELHI DAREDEVILS","170","0","4","DELHI DAREDEVILS"
"ROYAL CHALLENGERS BANGALORE","ROYAL CHALLENGERS BANGALORE","171","12","0","DECCAN CHARGERS"
"DELHI DAREDEVILS","DECCAN CHARGERS","172","0","6","DECCAN CHARGERS"
"CHENNAI SUPER KINGS","ROYAL CHALLENGERS BANGALORE","173","0","6","ROYAL CHALLENGERS BANGALORE"
"DECCAN CHARGERS","DECCAN CHARGERS","174","6","0","ROYAL CHALLENGERS BANGALORE"
"KOLKATA KNIGHT RIDERS","KOLKATA KNIGHT RIDERS","175","11","0","DECCAN CHARGERS"
"MUMBAI INDIANS","MUMBAI INDIANS","176","4","0","RAJASTHAN ROYALS"
"KINGS XI PUNJAB","DELHI DAREDEVILS","177","0","5","DELHI DAREDEVILS"
"ROYAL CHALLENGERS BANGALORE","KOLKATA KNIGHT RIDERS","178","0","7","KOLKATA KNIGHT RIDERS"
"DECCAN CHARGERS","DECCAN CHARGERS","179","31","0","CHENNAI SUPER KINGS"
"RAJASTHAN ROYALS","DELHI DAREDEVILS","180","0","6","DELHI DAREDEVILS"
"KINGS XI PUNJAB","ROYAL CHALLENGERS BANGALORE","181","0","8","ROYAL CHALLENGERS BANGALORE"
"CHENNAI SUPER KINGS","CHENNAI SUPER KINGS","182","55","0","KOLKATA KNIGHT RIDERS"
"MUMBAI INDIANS","MUMBAI INDIANS","183","98","0","DELHI DAREDEVILS"
"RAJASTHAN ROYALS","ROYAL CHALLENGERS BANGALORE","184","0","10","ROYAL CHALLENGERS BANGALORE"
"DELHI DAREDEVILS","CHENNAI SUPER KINGS","185","0","5","CHENNAI SUPER KINGS"
"DECCAN CHARGERS","DECCAN CHARGERS","186","6","0","KINGS XI PUNJAB"
"RAJASTHAN ROYALS","RAJASTHAN ROYALS","187","34","0","KOLKATA KNIGHT RIDERS"
"MUMBAI INDIANS","ROYAL CHALLENGERS BANGALORE","188","0","7","ROYAL CHALLENGERS BANGALORE"
"DECCAN CHARGERS","DECCAN CHARGERS","189","10","0","DELHI DAREDEVILS"
"KINGS XI PUNJAB","KINGS XI PUNJAB","190","0","0","CHENNAI SUPER KINGS"
"KOLKATA KNIGHT RIDERS","MUMBAI INDIANS","191","0","7","MUMBAI INDIANS"
"ROYAL CHALLENGERS BANGALORE","ROYAL CHALLENGERS BANGALORE","192","36","0","CHENNAI SUPER KINGS"
"RAJASTHAN ROYALS","RAJASTHAN ROYALS","193","31","0","KINGS XI PUNJAB"
"CHENNAI SUPER KINGS","MUMBAI INDIANS","194","0","5","MUMBAI INDIANS"
"DECCAN CHARGERS","RAJASTHAN ROYALS","195","0","8","RAJASTHAN ROYALS"
"KOLKATA KNIGHT RIDERS","KOLKATA KNIGHT RIDERS","196","39","0","KINGS XI PUNJAB"
"DELHI DAREDEVILS","DELHI DAREDEVILS","197","17","0","ROYAL CHALLENGERS BANGALORE"
"RAJASTHAN ROYALS","RAJASTHAN ROYALS","198","17","0","CHENNAI SUPER KINGS"
"MUMBAI INDIANS","MUMBAI INDIANS","199","41","0","DECCAN CHARGERS"
"DELHI DAREDEVILS","DELHI DAREDEVILS","200","40","0","KOLKATA KNIGHT RIDERS"
"KINGS XI PUNJAB","MUMBAI INDIANS","201","0","4","MUMBAI INDIANS"
"ROYAL CHALLENGERS BANGALORE","CHENNAI SUPER KINGS","202","0","5","CHENNAI SUPER KINGS"
"DELHI DAREDEVILS","DELHI DAREDEVILS","203","67","0","RAJASTHAN ROYALS"
"KOLKATA KNIGHT RIDERS","KOLKATA KNIGHT RIDERS","204","24","0","DECCAN CHARGERS"
"KINGS XI PUNJAB","ROYAL CHALLENGERS BANGALORE","205","0","6","ROYAL CHALLENGERS BANGALORE"
"CHENNAI SUPER KINGS","CHENNAI SUPER KINGS","206","23","0","RAJASTHAN ROYALS"
"MUMBAI INDIANS","MUMBAI INDIANS","207","63","0","DECCAN CHARGERS"
"KOLKATA KNIGHT RIDERS","KINGS XI PUNJAB","208","0","8","KINGS XI PUNJAB"
"DELHI DAREDEVILS","DELHI DAREDEVILS","209","37","0","ROYAL CHALLENGERS BANGALORE"
"RAJASTHAN ROYALS","RAJASTHAN ROYALS","210","2","0","DECCAN CHARGERS"
"CHENNAI SUPER KINGS","CHENNAI SUPER KINGS","211","24","0","MUMBAI INDIANS"
"KINGS XI PUNJAB","RAJASTHAN ROYALS","212","0","9","RAJASTHAN ROYALS"
"KOLKATA KNIGHT RIDERS","KOLKATA KNIGHT RIDERS","213","14","0","DELHI DAREDEVILS"
"ROYAL CHALLENGERS BANGALORE","DECCAN CHARGERS","214","0","7","DECCAN CHARGERS"
"MUMBAI INDIANS","KINGS XI PUNJAB","215","0","6","KINGS XI PUNJAB"
"CHENNAI SUPER KINGS","DECCAN CHARGERS","216","0","6","DECCAN CHARGERS"
"KOLKATA KNIGHT RIDERS","ROYAL CHALLENGERS BANGALORE","217","0","7","ROYAL CHALLENGERS BANGALORE"
"DELHI DAREDEVILS","KINGS XI PUNJAB","218","0","7","KINGS XI PUNJAB"
"MUMBAI INDIANS","MUMBAI INDIANS","219","37","0","RAJASTHAN ROYALS"
"DECCAN CHARGERS","DECCAN CHARGERS","220","13","0","ROYAL CHALLENGERS BANGALORE"
"MUMBAI INDIANS","MUMBAI INDIANS","221","39","0","DELHI DAREDEVILS"
"KOLKATA KNIGHT RIDERS","CHENNAI SUPER KINGS","222","0","9","CHENNAI SUPER KINGS"
"RAJASTHAN ROYALS","ROYAL CHALLENGERS BANGALORE","223","0","5","ROYAL CHALLENGERS BANGALORE"
"CHENNAI SUPER KINGS","DELHI DAREDEVILS","224","0","6","DELHI DAREDEVILS"
"KINGS XI PUNJAB","DECCAN CHARGERS","225","0","5","DECCAN CHARGERS"
"MUMBAI INDIANS","MUMBAI INDIANS","226","57","0","ROYAL CHALLENGERS BANGALORE"
"RAJASTHAN ROYALS","KOLKATA KNIGHT RIDERS","227","0","8","KOLKATA KNIGHT RIDERS"
"KINGS XI PUNJAB","CHENNAI SUPER KINGS","228","0","6","CHENNAI SUPER KINGS"
"DECCAN CHARGERS","DECCAN CHARGERS","229","11","0","DELHI DAREDEVILS"
"MUMBAI INDIANS","KOLKATA KNIGHT RIDERS","230","0","9","KOLKATA KNIGHT RIDERS"
"MUMBAI INDIANS","MUMBAI INDIANS","231","35","0","ROYAL CHALLENGERS BANGALORE"
"CHENNAI SUPER KINGS","CHENNAI SUPER KINGS","232","38","0","DECCAN CHARGERS"
"DECCAN CHARGERS","ROYAL CHALLENGERS BANGALORE","233","0","9","ROYAL CHALLENGERS BANGALORE"
"CHENNAI SUPER KINGS","CHENNAI SUPER KINGS","234","22","0","MUMBAI INDIANS"
"CHENNAI SUPER KINGS","CHENNAI SUPER KINGS","235","2","0","KOLKATA KNIGHT RIDERS"
"DECCAN CHARGERS","RAJASTHAN ROYALS","236","0","8","RAJASTHAN ROYALS"
"KOCHI TUSKERS KERALA","ROYAL CHALLENGERS BANGALORE","237","0","6","ROYAL CHALLENGERS BANGALORE"
"DELHI DAREDEVILS","MUMBAI INDIANS","238","0","8","MUMBAI INDIANS"
"KINGS XI PUNJAB","PUNE WARRIORS","239","0","7","PUNE WARRIORS"
"KOLKATA KNIGHT RIDERS","KOLKATA KNIGHT RIDERS","240","9","0","DECCAN CHARGERS"
"DELHI DAREDEVILS","RAJASTHAN ROYALS","241","0","6","RAJASTHAN ROYALS"
"ROYAL CHALLENGERS BANGALORE","MUMBAI INDIANS","242","0","9","MUMBAI INDIANS"
"CHENNAI SUPER KINGS","KINGS XI PUNJAB","243","0","6","KINGS XI PUNJAB"
"KOCHI TUSKERS KERALA","PUNE WARRIORS","244","0","4","PUNE WARRIORS"
"DECCAN CHARGERS","DECCAN CHARGERS","245","33","0","ROYAL CHALLENGERS BANGALORE"
"RAJASTHAN ROYALS","KOLKATA KNIGHT RIDERS","246","0","9","KOLKATA KNIGHT RIDERS"
"MUMBAI INDIANS","KOCHI TUSKERS KERALA","247","0","8","KOCHI TUSKERS KERALA"
"CHENNAI SUPER KINGS","CHENNAI SUPER KINGS","248","21","0","ROYAL CHALLENGERS BANGALORE"
"DECCAN CHARGERS","KINGS XI PUNJAB","249","0","8","KINGS XI PUNJAB"
"PUNE WARRIORS","DELHI DAREDEVILS","250","0","3","DELHI DAREDEVILS"
"RAJASTHAN ROYALS","KOLKATA KNIGHT RIDERS","251","0","8","KOLKATA KNIGHT RIDERS"
"CHENNAI SUPER KINGS","KOCHI TUSKERS KERALA","252","0","7","KOCHI TUSKERS KERALA"
"DECCAN CHARGERS","DECCAN CHARGERS","253","16","0","DELHI DAREDEVILS"
"PUNE WARRIORS","MUMBAI INDIANS","254","0","7","MUMBAI INDIANS"
"KOCHI TUSKERS KERALA","KOCHI TUSKERS KERALA","255","6","0","KOLKATA KNIGHT RIDERS"
"KINGS XI PUNJAB","KINGS XI PUNJAB","256","48","0","RAJASTHAN ROYALS"
"MUMBAI INDIANS","MUMBAI INDIANS","257","8","0","CHENNAI SUPER KINGS"
"KOLKATA KNIGHT RIDERS","ROYAL CHALLENGERS BANGALORE","258","0","9","ROYAL CHALLENGERS BANGALORE"
"DELHI DAREDEVILS","DELHI DAREDEVILS","259","29","0","KINGS XI PUNJAB"
"MUMBAI INDIANS","MUMBAI INDIANS","260","37","0","DECCAN CHARGERS"
"KOCHI TUSKERS KERALA","RAJASTHAN ROYALS","261","0","8","RAJASTHAN ROYALS"
"CHENNAI SUPER KINGS","CHENNAI SUPER KINGS","262","25","0","PUNE WARRIORS"
"DELHI DAREDEVILS","ROYAL CHALLENGERS BANGALORE","263","0","3","ROYAL CHALLENGERS BANGALORE"
"PUNE WARRIORS","CHENNAI SUPER KINGS","264","0","8","CHENNAI SUPER KINGS"
"DECCAN CHARGERS","DECCAN CHARGERS","265","55","0","KOCHI TUSKERS KERALA"
"KOLKATA KNIGHT RIDERS","KOLKATA KNIGHT RIDERS","266","17","0","DELHI DAREDEVILS"
"MUMBAI INDIANS","RAJASTHAN ROYALS","267","0","7","RAJASTHAN ROYALS"
"ROYAL CHALLENGERS BANGALORE","ROYAL CHALLENGERS BANGALORE","268","26","0","PUNE WARRIORS"
"DELHI DAREDEVILS","DELHI DAREDEVILS","269","38","0","KOCHI TUSKERS KERALA"
"KINGS XI PUNJAB","KOLKATA KNIGHT RIDERS","270","0","8","KOLKATA KNIGHT RIDERS"
"PUNE WARRIORS","RAJASTHAN ROYALS","271","0","6","RAJASTHAN ROYALS"
"CHENNAI SUPER KINGS","CHENNAI SUPER KINGS","272","19","0","DECCAN CHARGERS"
"MUMBAI INDIANS","MUMBAI INDIANS","273","23","0","KINGS XI PUNJAB"
"DELHI DAREDEVILS","KOCHI TUSKERS KERALA","274","0","7","KOCHI TUSKERS KERALA"
"KOLKATA KNIGHT RIDERS","KOLKATA KNIGHT RIDERS","275","20","0","DECCAN CHARGERS"
"RAJASTHAN ROYALS","CHENNAI SUPER KINGS","276","0","8","CHENNAI SUPER KINGS"
"MUMBAI INDIANS","MUMBAI INDIANS","277","21","0","PUNE WARRIORS"
"KOCHI TUSKERS KERALA","KOCHI TUSKERS KERALA","278","17","0","KOLKATA KNIGHT RIDERS"
"DECCAN CHARGERS","DELHI DAREDEVILS","279","0","4","DELHI DAREDEVILS"
"ROYAL CHALLENGERS BANGALORE","ROYAL CHALLENGERS BANGALORE","280","85","0","KINGS XI PUNJAB"
"CHENNAI SUPER KINGS","KOLKATA KNIGHT RIDERS","281","10","0","KOLKATA KNIGHT RIDERS"
"MUMBAI INDIANS","MUMBAI INDIANS","282","32","0","DELHI DAREDEVILS"
"KOCHI TUSKERS KERALA","ROYAL CHALLENGERS BANGALORE","283","0","9","ROYAL CHALLENGERS BANGALORE"
"KINGS XI PUNJAB","PUNE WARRIORS","284","0","5","PUNE WARRIORS"
"CHENNAI SUPER KINGS","CHENNAI SUPER KINGS","285","63","0","RAJASTHAN ROYALS"
"DECCAN CHARGERS","PUNE WARRIORS","286","0","6","PUNE WARRIORS"
"KINGS XI PUNJAB","KINGS XI PUNJAB","287","76","0","MUMBAI INDIANS"
"RAJASTHAN ROYALS","ROYAL CHALLENGERS BANGALORE","288","0","9","ROYAL CHALLENGERS BANGALORE"
"CHENNAI SUPER KINGS","CHENNAI SUPER KINGS","289","18","0","DELHI DAREDEVILS"
"KOCHI TUSKERS KERALA","KINGS XI PUNJAB","290","0","6","KINGS XI PUNJAB"
"KOLKATA KNIGHT RIDERS","ROYAL CHALLENGERS BANGALORE","291","0","4","ROYAL CHALLENGERS BANGALORE"
"DECCAN CHARGERS","DECCAN CHARGERS","292","10","0","MUMBAI INDIANS"
"KINGS XI PUNJAB","KINGS XI PUNJAB","293","29","0","DELHI DAREDEVILS"
"RAJASTHAN ROYALS","KOCHI TUSKERS KERALA","294","0","8","KOCHI TUSKERS KERALA"
"PUNE WARRIORS","DECCAN CHARGERS","295","0","6","DECCAN CHARGERS"
"KINGS XI PUNJAB","KINGS XI PUNJAB","296","111","0","ROYAL CHALLENGERS BANGALORE"
"CHENNAI SUPER KINGS","CHENNAI SUPER KINGS","297","11","0","KOCHI TUSKERS KERALA"
"PUNE WARRIORS","KOLKATA KNIGHT RIDERS","298","0","7","KOLKATA KNIGHT RIDERS"
"MUMBAI INDIANS","RAJASTHAN ROYALS","299","0","10","RAJASTHAN ROYALS"
"DECCAN CHARGERS","DECCAN CHARGERS","300","82","0","KINGS XI PUNJAB"
"DELHI DAREDEVILS","","301","0","0","PUNE WARRIORS"
"CHENNAI SUPER KINGS","ROYAL CHALLENGERS BANGALORE","302","0","8","ROYAL CHALLENGERS BANGALORE"
"KOLKATA KNIGHT RIDERS","MUMBAI INDIANS","303","0","5","MUMBAI INDIANS"
"ROYAL CHALLENGERS BANGALORE","CHENNAI SUPER KINGS","304","0","6","CHENNAI SUPER KINGS"
"KOLKATA KNIGHT RIDERS","MUMBAI INDIANS","305","0","4","MUMBAI INDIANS"
"ROYAL CHALLENGERS BANGALORE","ROYAL CHALLENGERS BANGALORE","306","43","0","MUMBAI INDIANS"
"CHENNAI SUPER KINGS","CHENNAI SUPER KINGS","307","58","0","ROYAL CHALLENGERS BANGALORE"
"CHENNAI SUPER KINGS","MUMBAI INDIANS","308","0","8","MUMBAI INDIANS"
"KOLKATA KNIGHT RIDERS","DELHI DAREDEVILS","309","0","8","DELHI DAREDEVILS"
"PUNE WARRIORS","PUNE WARRIORS","310","28","0","MUMBAI INDIANS"
"RAJASTHAN ROYALS","RAJASTHAN ROYALS","311","31","0","KINGS XI PUNJAB"
"ROYAL CHALLENGERS BANGALORE","ROYAL CHALLENGERS BANGALORE","312","20","0","DELHI DAREDEVILS"
"CHENNAI SUPER KINGS","CHENNAI SUPER KINGS","313","74","0","DECCAN CHARGERS"
"RAJASTHAN ROYALS","RAJASTHAN ROYALS","314","22","0","KOLKATA KNIGHT RIDERS"
"PUNE WARRIORS","PUNE WARRIORS","315","22","0","KINGS XI PUNJAB"
"DECCAN CHARGERS","MUMBAI INDIANS","316","0","5","MUMBAI INDIANS"
"KOLKATA KNIGHT RIDERS","KOLKATA KNIGHT RIDERS","317","42","0","ROYAL CHALLENGERS BANGALORE"
"CHENNAI SUPER KINGS","DELHI DAREDEVILS","318","0","8","DELHI DAREDEVILS"
"MUMBAI INDIANS","MUMBAI INDIANS","319","27","0","RAJASTHAN ROYALS"
"ROYAL CHALLENGERS BANGALORE","CHENNAI SUPER KINGS","320","0","5","CHENNAI SUPER KINGS"
"PUNE WARRIORS","KINGS XI PUNJAB","321","0","7","KINGS XI PUNJAB"
"RAJASTHAN ROYALS","KOLKATA KNIGHT RIDERS","322","0","5","KOLKATA KNIGHT RIDERS"
"DECCAN CHARGERS","DELHI DAREDEVILS","323","0","5","DELHI DAREDEVILS"
"CHENNAI SUPER KINGS","PUNE WARRIORS","324","0","7","PUNE WARRIORS"
"KINGS XI PUNJAB","KINGS XI PUNJAB","325","2","0","KOLKATA KNIGHT RIDERS"
"RAJASTHAN ROYALS","RAJASTHAN ROYALS","326","59","0","ROYAL CHALLENGERS BANGALORE"
"MUMBAI INDIANS","DELHI DAREDEVILS","327","0","7","DELHI DAREDEVILS"
"DECCAN CHARGERS","RAJASTHAN ROYALS","328","0","5","RAJASTHAN ROYALS"
"PUNE WARRIORS","ROYAL CHALLENGERS BANGALORE","329","0","6","ROYAL CHALLENGERS BANGALORE"
"KINGS XI PUNJAB","KOLKATA KNIGHT RIDERS","330","0","8","KOLKATA KNIGHT RIDERS"
"DECCAN CHARGERS","DELHI DAREDEVILS","331","0","9","DELHI DAREDEVILS"
"CHENNAI SUPER KINGS","CHENNAI SUPER KINGS","332","13","0","PUNE WARRIORS"
"KINGS XI PUNJAB","ROYAL CHALLENGERS BANGALORE","333","0","5","ROYAL CHALLENGERS BANGALORE"
"RAJASTHAN ROYALS","CHENNAI SUPER KINGS","334","0","7","CHENNAI SUPER KINGS"
"PUNE WARRIORS","PUNE WARRIORS","335","20","0","DELHI DAREDEVILS"
"MUMBAI INDIANS","KINGS XI PUNJAB","336","0","6","KINGS XI PUNJAB"
"DECCAN CHARGERS","KOLKATA KNIGHT RIDERS","337","0","5","KOLKATA KNIGHT RIDERS"
"ROYAL CHALLENGERS BANGALORE","ROYAL CHALLENGERS BANGALORE","338","46","0","RAJASTHAN ROYALS"
"PUNE WARRIORS","DELHI DAREDEVILS","339","0","8","DELHI DAREDEVILS"
"KINGS XI PUNJAB","MUMBAI INDIANS","340","0","4","MUMBAI INDIANS"
"DECCAN CHARGERS","DECCAN CHARGERS","341","18","0","PUNE WARRIORS"
"DELHI DAREDEVILS","DELHI DAREDEVILS","342","37","0","MUMBAI INDIANS"
"KINGS XI PUNJAB","KINGS XI PUNJAB","343","7","0","CHENNAI SUPER KINGS"
"KOLKATA KNIGHT RIDERS","KOLKATA KNIGHT RIDERS","344","47","0","ROYAL CHALLENGERS BANGALORE"
"DELHI DAREDEVILS","DELHI DAREDEVILS","345","1","0","RAJASTHAN ROYALS"
"DECCAN CHARGERS","MUMBAI INDIANS","346","0","5","MUMBAI INDIANS"
"CHENNAI SUPER KINGS","KOLKATA KNIGHT RIDERS","347","0","5","KOLKATA KNIGHT RIDERS"
"DECCAN CHARGERS","DECCAN CHARGERS","348","13","0","PUNE WARRIORS"
"RAJASTHAN ROYALS","DELHI DAREDEVILS","349","0","6","DELHI DAREDEVILS"
"ROYAL CHALLENGERS BANGALORE","KINGS XI PUNJAB","350","0","4","KINGS XI PUNJAB"
"MUMBAI INDIANS","MUMBAI INDIANS","351","1","0","PUNE WARRIORS"
"CHENNAI SUPER KINGS","CHENNAI SUPER KINGS","352","10","0","DECCAN CHARGERS"
"KOLKATA KNIGHT RIDERS","KOLKATA KNIGHT RIDERS","353","7","0","PUNE WARRIORS"
"RAJASTHAN ROYALS","RAJASTHAN ROYALS","354","43","0","KINGS XI PUNJAB"
"CHENNAI SUPER KINGS","MUMBAI INDIANS","355","0","2","MUMBAI INDIANS"
"DECCAN CHARGERS","ROYAL CHALLENGERS BANGALORE","356","0","5","ROYAL CHALLENGERS BANGALORE"
"DELHI DAREDEVILS","KOLKATA KNIGHT RIDERS","357","0","6","KOLKATA KNIGHT RIDERS"
"PUNE WARRIORS","RAJASTHAN ROYALS","358","0","7","RAJASTHAN ROYALS"
"KINGS XI PUNJAB","KINGS XI PUNJAB","359","25","0","DECCAN CHARGERS"
"MUMBAI INDIANS","ROYAL CHALLENGERS BANGALORE","360","0","9","ROYAL CHALLENGERS BANGALORE"
"RAJASTHAN ROYALS","CHENNAI SUPER KINGS","361","0","4","CHENNAI SUPER KINGS"
"ROYAL CHALLENGERS BANGALORE","ROYAL CHALLENGERS BANGALORE","362","35","0","PUNE WARRIORS"
"MUMBAI INDIANS","MUMBAI INDIANS","363","27","0","KOLKATA KNIGHT RIDERS"
"DELHI DAREDEVILS","CHENNAI SUPER KINGS","364","0","9","CHENNAI SUPER KINGS"
"RAJASTHAN ROYALS","RAJASTHAN ROYALS","365","45","0","PUNE WARRIORS"
"DECCAN CHARGERS","KINGS XI PUNJAB","366","0","4","KINGS XI PUNJAB"
"ROYAL CHALLENGERS BANGALORE","MUMBAI INDIANS","367","0","5","MUMBAI INDIANS"
"KOLKATA KNIGHT RIDERS","CHENNAI SUPER KINGS","368","0","5","CHENNAI SUPER KINGS"
"KINGS XI PUNJAB","DELHI DAREDEVILS","369","0","5","DELHI DAREDEVILS"
"KOLKATA KNIGHT RIDERS","KOLKATA KNIGHT RIDERS","370","32","0","MUMBAI INDIANS"
"CHENNAI SUPER KINGS","KINGS XI PUNJAB","371","0","6","KINGS XI PUNJAB"
"ROYAL CHALLENGERS BANGALORE","ROYAL CHALLENGERS BANGALORE","372","21","0","DELHI DAREDEVILS"
"RAJASTHAN ROYALS","DECCAN CHARGERS","373","0","5","DECCAN CHARGERS"
"KINGS XI PUNJAB","DELHI DAREDEVILS","374","0","6","DELHI DAREDEVILS"
"KOLKATA KNIGHT RIDERS","KOLKATA KNIGHT RIDERS","375","34","0","PUNE WARRIORS"
"DECCAN CHARGERS","DECCAN CHARGERS","376","9","0","ROYAL CHALLENGERS BANGALORE"
"RAJASTHAN ROYALS","MUMBAI INDIANS","377","0","10","MUMBAI INDIANS"
"KOLKATA KNIGHT RIDERS","KOLKATA KNIGHT RIDERS","378","18","0","DELHI DAREDEVILS"
"CHENNAI SUPER KINGS","CHENNAI SUPER KINGS","379","38","0","MUMBAI INDIANS"
"CHENNAI SUPER KINGS","CHENNAI SUPER KINGS","380","86","0","DELHI DAREDEVILS"
"CHENNAI SUPER KINGS","KOLKATA KNIGHT RIDERS","381","0","5","KOLKATA KNIGHT RIDERS"
"DELHI DAREDEVILS","KOLKATA KNIGHT RIDERS","382","0","6","KOLKATA KNIGHT RIDERS"
"ROYAL CHALLENGERS BANGALORE","ROYAL CHALLENGERS BANGALORE","383","2","0","MUMBAI INDIANS"
"SUNRISERS HYDERABAD","SUNRISERS HYDERABAD","384","22","0","PUNE WARRIORS"
"RAJASTHAN ROYALS","RAJASTHAN ROYALS","385","5","0","DELHI DAREDEVILS"
"MUMBAI INDIANS","MUMBAI INDIANS","386","9","0","CHENNAI SUPER KINGS"
"PUNE WARRIORS","KINGS XI PUNJAB","387","0","8","KINGS XI PUNJAB"
"ROYAL CHALLENGERS BANGALORE","SUNRISERS HYDERABAD","388","0","0","SUNRISERS HYDERABAD"
"RAJASTHAN ROYALS","RAJASTHAN ROYALS","389","19","0","KOLKATA KNIGHT RIDERS"
"MUMBAI INDIANS","MUMBAI INDIANS","390","44","0","DELHI DAREDEVILS"
"KINGS XI PUNJAB","CHENNAI SUPER KINGS","391","0","10","CHENNAI SUPER KINGS"
"KOLKATA KNIGHT RIDERS","ROYAL CHALLENGERS BANGALORE","392","0","8","ROYAL CHALLENGERS BANGALORE"
"RAJASTHAN ROYALS","PUNE WARRIORS","393","0","7","PUNE WARRIORS"
"DELHI DAREDEVILS","SUNRISERS HYDERABAD","394","0","3","SUNRISERS HYDERABAD"
"MUMBAI INDIANS","MUMBAI INDIANS","395","41","0","PUNE WARRIORS"
"ROYAL CHALLENGERS BANGALORE","CHENNAI SUPER KINGS","396","0","4","CHENNAI SUPER KINGS"
"KOLKATA KNIGHT RIDERS","KOLKATA KNIGHT RIDERS","397","48","0","SUNRISERS HYDERABAD"
"KINGS XI PUNJAB","RAJASTHAN ROYALS","398","0","6","RAJASTHAN ROYALS"
"PUNE WARRIORS","PUNE WARRIORS","399","24","0","CHENNAI SUPER KINGS"
"KINGS XI PUNJAB","KINGS XI PUNJAB","400","4","0","KOLKATA KNIGHT RIDERS"
"DELHI DAREDEVILS","ROYAL CHALLENGERS BANGALORE","401","0","0","ROYAL CHALLENGERS BANGALORE"
"SUNRISERS HYDERABAD","SUNRISERS HYDERABAD","402","11","0","PUNE WARRIORS"
"RAJASTHAN ROYALS","RAJASTHAN ROYALS","403","87","0","MUMBAI INDIANS"
"CHENNAI SUPER KINGS","CHENNAI SUPER KINGS","404","86","0","DELHI DAREDEVILS"
"KINGS XI PUNJAB","SUNRISERS HYDERABAD","405","0","5","SUNRISERS HYDERABAD"
"KOLKATA KNIGHT RIDERS","CHENNAI SUPER KINGS","406","0","4","CHENNAI SUPER KINGS"
"RAJASTHAN ROYALS","ROYAL CHALLENGERS BANGALORE","407","0","7","ROYAL CHALLENGERS BANGALORE"
"MUMBAI INDIANS","DELHI DAREDEVILS","408","0","9","DELHI DAREDEVILS"
"PUNE WARRIORS","KINGS XI PUNJAB","409","0","7","KINGS XI PUNJAB"
"RAJASTHAN ROYALS","CHENNAI SUPER KINGS","410","0","5","CHENNAI SUPER KINGS"
"ROYAL CHALLENGERS BANGALORE","ROYAL CHALLENGERS BANGALORE","411","130","0","PUNE WARRIORS"
"KINGS XI PUNJAB","KINGS XI PUNJAB","412","7","0","DELHI DAREDEVILS"
"KOLKATA KNIGHT RIDERS","MUMBAI INDIANS","413","0","5","MUMBAI INDIANS"
"SUNRISERS HYDERABAD","CHENNAI SUPER KINGS","414","0","5","CHENNAI SUPER KINGS"
"KINGS XI PUNJAB","KOLKATA KNIGHT RIDERS","415","0","6","KOLKATA KNIGHT RIDERS"
"SUNRISERS HYDERABAD","RAJASTHAN ROYALS","416","0","8","RAJASTHAN ROYALS"
"MUMBAI INDIANS","MUMBAI INDIANS","417","58","0","ROYAL CHALLENGERS BANGALORE"
"CHENNAI SUPER KINGS","CHENNAI SUPER KINGS","418","14","0","KOLKATA KNIGHT RIDERS"
"DELHI DAREDEVILS","DELHI DAREDEVILS","419","15","0","PUNE WARRIORS"
"ROYAL CHALLENGERS BANGALORE","RAJASTHAN ROYALS","420","0","4","RAJASTHAN ROYALS"
"MUMBAI INDIANS","MUMBAI INDIANS","421","4","0","KINGS XI PUNJAB"
"CHENNAI SUPER KINGS","CHENNAI SUPER KINGS","422","37","0","PUNE WARRIORS"
"MUMBAI INDIANS","SUNRISERS HYDERABAD","423","0","7","SUNRISERS HYDERABAD"
"KOLKATA KNIGHT RIDERS","DELHI DAREDEVILS","424","0","7","DELHI DAREDEVILS"
"CHENNAI SUPER KINGS","CHENNAI SUPER KINGS","425","15","0","KINGS XI PUNJAB"
"ROYAL CHALLENGERS BANGALORE","ROYAL CHALLENGERS BANGALORE","426","17","0","PUNE WARRIORS"
"RAJASTHAN ROYALS","KOLKATA KNIGHT RIDERS","427","0","8","KOLKATA KNIGHT RIDERS"
"DELHI DAREDEVILS","SUNRISERS HYDERABAD","428","0","6","SUNRISERS HYDERABAD"
"ROYAL CHALLENGERS BANGALORE","KINGS XI PUNJAB","429","0","7","KINGS XI PUNJAB"
"MUMBAI INDIANS","MUMBAI INDIANS","430","60","0","CHENNAI SUPER KINGS"
"PUNE WARRIORS","RAJASTHAN ROYALS","431","0","5","RAJASTHAN ROYALS"
"SUNRISERS HYDERABAD","ROYAL CHALLENGERS BANGALORE","432","0","7","ROYAL CHALLENGERS BANGALORE"
"DELHI DAREDEVILS","RAJASTHAN ROYALS","433","0","9","RAJASTHAN ROYALS"
"MUMBAI INDIANS","MUMBAI INDIANS","434","65","0","KOLKATA KNIGHT RIDERS"
"CHENNAI SUPER KINGS","CHENNAI SUPER KINGS","435","77","0","SUNRISERS HYDERABAD"
"KINGS XI PUNJAB","RAJASTHAN ROYALS","436","0","8","RAJASTHAN ROYALS"
"KOLKATA KNIGHT RIDERS","KOLKATA KNIGHT RIDERS","437","46","0","PUNE WARRIORS"
"ROYAL CHALLENGERS BANGALORE","ROYAL CHALLENGERS BANGALORE","438","4","0","DELHI DAREDEVILS"
"PUNE WARRIORS","MUMBAI INDIANS","439","0","5","MUMBAI INDIANS"
"SUNRISERS HYDERABAD","SUNRISERS HYDERABAD","440","30","0","KINGS XI PUNJAB"
"ROYAL CHALLENGERS BANGALORE","KOLKATA KNIGHT RIDERS","441","0","5","KOLKATA KNIGHT RIDERS"
"CHENNAI SUPER KINGS","RAJASTHAN ROYALS","442","0","5","RAJASTHAN ROYALS"
"DELHI DAREDEVILS","KINGS XI PUNJAB","443","0","5","KINGS XI PUNJAB"
"SUNRISERS HYDERABAD","MUMBAI INDIANS","444","0","7","MUMBAI INDIANS"
"PUNE WARRIORS","PUNE WARRIORS","445","7","0","KOLKATA KNIGHT RIDERS"
"CHENNAI SUPER KINGS","CHENNAI SUPER KINGS","446","33","0","DELHI DAREDEVILS"
"MUMBAI INDIANS","MUMBAI INDIANS","447","14","0","RAJASTHAN ROYALS"
"ROYAL CHALLENGERS BANGALORE","KINGS XI PUNJAB","448","0","6","KINGS XI PUNJAB"
"SUNRISERS HYDERABAD","SUNRISERS HYDERABAD","449","23","0","RAJASTHAN ROYALS"
"KINGS XI PUNJAB","KINGS XI PUNJAB","450","50","0","MUMBAI INDIANS"
"PUNE WARRIORS","PUNE WARRIORS","451","38","0","DELHI DAREDEVILS"
"ROYAL CHALLENGERS BANGALORE","ROYAL CHALLENGERS BANGALORE","452","24","0","CHENNAI SUPER KINGS"
"KOLKATA KNIGHT RIDERS","SUNRISERS HYDERABAD","453","0","5","SUNRISERS HYDERABAD"
"CHENNAI SUPER KINGS","CHENNAI SUPER KINGS","454","48","0","MUMBAI INDIANS"
"SUNRISERS HYDERABAD","RAJASTHAN ROYALS","455","0","4","RAJASTHAN ROYALS"
"RAJASTHAN ROYALS","MUMBAI INDIANS","456","0","4","MUMBAI INDIANS"
"MUMBAI INDIANS","MUMBAI INDIANS","457","23","0","CHENNAI SUPER KINGS"
"KOLKATA KNIGHT RIDERS","KOLKATA KNIGHT RIDERS","458","41","0","MUMBAI INDIANS"
"DELHI DAREDEVILS","ROYAL CHALLENGERS BANGALORE","459","0","8","ROYAL CHALLENGERS BANGALORE"
"CHENNAI SUPER KINGS","KINGS XI PUNJAB","460","0","6","KINGS XI PUNJAB"
"SUNRISERS HYDERABAD","RAJASTHAN ROYALS","461","0","4","RAJASTHAN ROYALS"
"MUMBAI INDIANS","ROYAL CHALLENGERS BANGALORE","462","0","7","ROYAL CHALLENGERS BANGALORE"
"KOLKATA KNIGHT RIDERS","DELHI DAREDEVILS","463","0","4","DELHI DAREDEVILS"
"RAJASTHAN ROYALS","KINGS XI PUNJAB","464","0","7","KINGS XI PUNJAB"
"CHENNAI SUPER KINGS","CHENNAI SUPER KINGS","465","93","0","DELHI DAREDEVILS"
"KINGS XI PUNJAB","KINGS XI PUNJAB","466","72","0","SUNRISERS HYDERABAD"
"CHENNAI SUPER KINGS","CHENNAI SUPER KINGS","467","7","0","RAJASTHAN ROYALS"
"KOLKATA KNIGHT RIDERS","KOLKATA KNIGHT RIDERS","468","2","0","ROYAL CHALLENGERS BANGALORE"
"SUNRISERS HYDERABAD","SUNRISERS HYDERABAD","469","4","0","DELHI DAREDEVILS"
"MUMBAI INDIANS","CHENNAI SUPER KINGS","470","0","7","CHENNAI SUPER KINGS"
"ROYAL CHALLENGERS BANGALORE","RAJASTHAN ROYALS","471","0","6","RAJASTHAN ROYALS"
"KINGS XI PUNJAB","KINGS XI PUNJAB","472","23","0","KOLKATA KNIGHT RIDERS"
"MUMBAI INDIANS","DELHI DAREDEVILS","473","0","6","DELHI DAREDEVILS"
"SUNRISERS HYDERABAD","CHENNAI SUPER KINGS","474","0","5","CHENNAI SUPER KINGS"
"ROYAL CHALLENGERS BANGALORE","KINGS XI PUNJAB","475","0","5","KINGS XI PUNJAB"
"RAJASTHAN ROYALS","RAJASTHAN ROYALS","476","0","0","KOLKATA KNIGHT RIDERS"
"SUNRISERS HYDERABAD","SUNRISERS HYDERABAD","477","15","0","MUMBAI INDIANS"
"CHENNAI SUPER KINGS","CHENNAI SUPER KINGS","478","34","0","KOLKATA KNIGHT RIDERS"
"KINGS XI PUNJAB","MUMBAI INDIANS","479","0","5","MUMBAI INDIANS"
"DELHI DAREDEVILS","RAJASTHAN ROYALS","480","0","7","RAJASTHAN ROYALS"
"SUNRISERS HYDERABAD","ROYAL CHALLENGERS BANGALORE","481","0","4","ROYAL CHALLENGERS BANGALORE"
"RAJASTHAN ROYALS","RAJASTHAN ROYALS","482","10","0","KOLKATA KNIGHT RIDERS"
"DELHI DAREDEVILS","CHENNAI SUPER KINGS","483","0","8","CHENNAI SUPER KINGS"
"MUMBAI INDIANS","MUMBAI INDIANS","484","19","0","ROYAL CHALLENGERS BANGALORE"
"DELHI DAREDEVILS","KOLKATA KNIGHT RIDERS","485","0","8","KOLKATA KNIGHT RIDERS"
"KINGS XI PUNJAB","KINGS XI PUNJAB","486","44","0","CHENNAI SUPER KINGS"
"SUNRISERS HYDERABAD","SUNRISERS HYDERABAD","487","32","0","RAJASTHAN ROYALS"
"KINGS XI PUNJAB","KINGS XI PUNJAB","488","32","0","ROYAL CHALLENGERS BANGALORE"
"DELHI DAREDEVILS","SUNRISERS HYDERABAD","489","0","8","SUNRISERS HYDERABAD"
"MUMBAI INDIANS","CHENNAI SUPER KINGS","490","0","4","CHENNAI SUPER KINGS"
"KINGS XI PUNJAB","KOLKATA KNIGHT RIDERS","491","0","9","KOLKATA KNIGHT RIDERS"
"ROYAL CHALLENGERS BANGALORE","RAJASTHAN ROYALS","492","0","5","RAJASTHAN ROYALS"
"SUNRISERS HYDERABAD","MUMBAI INDIANS","493","0","7","MUMBAI INDIANS"
"RAJASTHAN ROYALS","CHENNAI SUPER KINGS","494","0","5","CHENNAI SUPER KINGS"
"ROYAL CHALLENGERS BANGALORE","ROYAL CHALLENGERS BANGALORE","495","16","0","DELHI DAREDEVILS"
"SUNRISERS HYDERABAD","KINGS XI PUNJAB","496","0","6","KINGS XI PUNJAB"
"MUMBAI INDIANS","KOLKATA KNIGHT RIDERS","497","0","6","KOLKATA KNIGHT RIDERS"
"RAJASTHAN ROYALS","RAJASTHAN ROYALS","498","62","0","DELHI DAREDEVILS"
"CHENNAI SUPER KINGS","ROYAL CHALLENGERS BANGALORE","499","0","5","ROYAL CHALLENGERS BANGALORE"
"SUNRISERS HYDERABAD","KOLKATA KNIGHT RIDERS","500","0","7","KOLKATA KNIGHT RIDERS"
"MUMBAI INDIANS","MUMBAI INDIANS","501","25","0","RAJASTHAN ROYALS"
"DELHI DAREDEVILS","KINGS XI PUNJAB","502","0","4","KINGS XI PUNJAB"
"ROYAL CHALLENGERS BANGALORE","SUNRISERS HYDERABAD","503","0","7","SUNRISERS HYDERABAD"
"CHENNAI SUPER KINGS","KOLKATA KNIGHT RIDERS","504","0","8","KOLKATA KNIGHT RIDERS"
"KINGS XI PUNJAB","MUMBAI INDIANS","505","0","7","MUMBAI INDIANS"
"KOLKATA KNIGHT RIDERS","KOLKATA KNIGHT RIDERS","506","30","0","ROYAL CHALLENGERS BANGALORE"
"CHENNAI SUPER KINGS","SUNRISERS HYDERABAD","507","0","6","SUNRISERS HYDERABAD"
"MUMBAI INDIANS","MUMBAI INDIANS","508","15","0","DELHI DAREDEVILS"
"KINGS XI PUNJAB","KINGS XI PUNJAB","509","16","0","RAJASTHAN ROYALS"
"ROYAL CHALLENGERS BANGALORE","CHENNAI SUPER KINGS","510","0","8","CHENNAI SUPER KINGS"
"SUNRISERS HYDERABAD","KOLKATA KNIGHT RIDERS","511","0","4","KOLKATA KNIGHT RIDERS"
"DELHI DAREDEVILS","KINGS XI PUNJAB","512","0","7","KINGS XI PUNJAB"
"RAJASTHAN ROYALS","MUMBAI INDIANS","513","0","5","MUMBAI INDIANS"
"KOLKATA KNIGHT RIDERS","KOLKATA KNIGHT RIDERS","514","28","0","KINGS XI PUNJAB"
"MUMBAI INDIANS","CHENNAI SUPER KINGS","515","0","7","CHENNAI SUPER KINGS"
"KINGS XI PUNJAB","KINGS XI PUNJAB","516","24","0","CHENNAI SUPER KINGS"
"KINGS XI PUNJAB","KOLKATA KNIGHT RIDERS","517","0","3","KOLKATA KNIGHT RIDERS"
"MUMBAI INDIANS","KOLKATA KNIGHT RIDERS","518","0","7","KOLKATA KNIGHT RIDERS"
"CHENNAI SUPER KINGS","CHENNAI SUPER KINGS","519","1","0","DELHI DAREDEVILS"
"RAJASTHAN ROYALS","RAJASTHAN ROYALS","520","26","0","KINGS XI PUNJAB"
"CHENNAI SUPER KINGS","CHENNAI SUPER KINGS","521","45","0","SUNRISERS HYDERABAD"
"KOLKATA KNIGHT RIDERS","ROYAL CHALLENGERS BANGALORE","522","0","3","ROYAL CHALLENGERS BANGALORE"
"DELHI DAREDEVILS","RAJASTHAN ROYALS","523","0","3","RAJASTHAN ROYALS"
"KINGS XI PUNJAB","KINGS XI PUNJAB","524","18","0","MUMBAI INDIANS"
"ROYAL CHALLENGERS BANGALORE","SUNRISERS HYDERABAD","525","0","8","SUNRISERS HYDERABAD"
"MUMBAI INDIANS","RAJASTHAN ROYALS","526","0","7","RAJASTHAN ROYALS"
"CHENNAI SUPER KINGS","KOLKATA KNIGHT RIDERS","527","0","7","KOLKATA KNIGHT RIDERS"
"KINGS XI PUNJAB","DELHI DAREDEVILS","528","0","5","DELHI DAREDEVILS"
"SUNRISERS HYDERABAD","RAJASTHAN ROYALS","529","0","6","RAJASTHAN ROYALS"
"MUMBAI INDIANS","CHENNAI SUPER KINGS","530","0","6","CHENNAI SUPER KINGS"
"DELHI DAREDEVILS","DELHI DAREDEVILS","531","4","0","SUNRISERS HYDERABAD"
"KINGS XI PUNJAB","KOLKATA KNIGHT RIDERS","532","0","4","KOLKATA KNIGHT RIDERS"
"CHENNAI SUPER KINGS","RAJASTHAN ROYALS","533","0","8","RAJASTHAN ROYALS"
"MUMBAI INDIANS","MUMBAI INDIANS","534","18","0","ROYAL CHALLENGERS BANGALORE"
"DELHI DAREDEVILS","KOLKATA KNIGHT RIDERS","535","0","6","KOLKATA KNIGHT RIDERS"
"RAJASTHAN ROYALS","KINGS XI PUNJAB","536","0","0","KINGS XI PUNJAB"
"SUNRISERS HYDERABAD","SUNRISERS HYDERABAD","537","16","0","KOLKATA KNIGHT RIDERS"
"CHENNAI SUPER KINGS","CHENNAI SUPER KINGS","538","27","0","ROYAL CHALLENGERS BANGALORE"
"DELHI DAREDEVILS","DELHI DAREDEVILS","539","37","0","MUMBAI INDIANS"
"RAJASTHAN ROYALS","ROYAL CHALLENGERS BANGALORE","540","0","9","ROYAL CHALLENGERS BANGALORE"
"MUMBAI INDIANS","MUMBAI INDIANS","541","20","0","SUNRISERS HYDERABAD"
"CHENNAI SUPER KINGS","CHENNAI SUPER KINGS","542","97","0","KINGS XI PUNJAB"
"DELHI DAREDEVILS","ROYAL CHALLENGERS BANGALORE","543","0","10","ROYAL CHALLENGERS BANGALORE"
"SUNRISERS HYDERABAD","SUNRISERS HYDERABAD","544","20","0","KINGS XI PUNJAB"
"KOLKATA KNIGHT RIDERS","KOLKATA KNIGHT RIDERS","545","13","0","DELHI DAREDEVILS"
"ROYAL CHALLENGERS BANGALORE","","546","0","0","RAJASTHAN ROYALS"
"CHENNAI SUPER KINGS","CHENNAI SUPER KINGS","547","2","0","KOLKATA KNIGHT RIDERS"
"KINGS XI PUNJAB","DELHI DAREDEVILS","548","0","9","DELHI DAREDEVILS"
"MUMBAI INDIANS","MUMBAI INDIANS","549","8","0","RAJASTHAN ROYALS"
"KOLKATA KNIGHT RIDERS","ROYAL CHALLENGERS BANGALORE","550","0","7","ROYAL CHALLENGERS BANGALORE"
"SUNRISERS HYDERABAD","SUNRISERS HYDERABAD","551","22","0","CHENNAI SUPER KINGS"
"MUMBAI INDIANS","MUMBAI INDIANS","552","23","0","KINGS XI PUNJAB"
"RAJASTHAN ROYALS","RAJASTHAN ROYALS","553","14","0","DELHI DAREDEVILS"
"CHENNAI SUPER KINGS","CHENNAI SUPER KINGS","554","24","0","ROYAL CHALLENGERS BANGALORE"
"KOLKATA KNIGHT RIDERS","KOLKATA KNIGHT RIDERS","555","35","0","SUNRISERS HYDERABAD"
"DELHI DAREDEVILS","MUMBAI INDIANS","556","0","5","MUMBAI INDIANS"
"ROYAL CHALLENGERS BANGALORE","ROYAL CHALLENGERS BANGALORE","557","138","0","KINGS XI PUNJAB"
"SUNRISERS HYDERABAD","SUNRISERS HYDERABAD","558","7","0","RAJASTHAN ROYALS"
"CHENNAI SUPER KINGS","MUMBAI INDIANS","559","0","6","MUMBAI INDIANS"
"KINGS XI PUNJAB","KOLKATA KNIGHT RIDERS","560","0","1","KOLKATA KNIGHT RIDERS"
"SUNRISERS HYDERABAD","SUNRISERS HYDERABAD","561","6","0","DELHI DAREDEVILS"
"ROYAL CHALLENGERS BANGALORE","ROYAL CHALLENGERS BANGALORE","562","39","0","MUMBAI INDIANS"
"CHENNAI SUPER KINGS","CHENNAI SUPER KINGS","563","12","0","RAJASTHAN ROYALS"
"SUNRISERS HYDERABAD","SUNRISERS HYDERABAD","564","5","0","KINGS XI PUNJAB"
"CHENNAI SUPER KINGS","DELHI DAREDEVILS","565","0","6","DELHI DAREDEVILS"
"KINGS XI PUNJAB","KINGS XI PUNJAB","566","22","0","ROYAL CHALLENGERS BANGALORE"
"MUMBAI INDIANS","MUMBAI INDIANS","567","5","0","KOLKATA KNIGHT RIDERS"
"SUNRISERS HYDERABAD","ROYAL CHALLENGERS BANGALORE","568","0","6","ROYAL CHALLENGERS BANGALORE"
"KINGS XI PUNJAB","CHENNAI SUPER KINGS","569","0","7","CHENNAI SUPER KINGS"
"RAJASTHAN ROYALS","RAJASTHAN ROYALS","570","9","0","KOLKATA KNIGHT RIDERS"
"DELHI DAREDEVILS","","571","0","0","ROYAL CHALLENGERS BANGALORE"
"SUNRISERS HYDERABAD","MUMBAI INDIANS","572","0","9","MUMBAI INDIANS"
"MUMBAI INDIANS","MUMBAI INDIANS","573","25","0","CHENNAI SUPER KINGS"
"ROYAL CHALLENGERS BANGALORE","ROYAL CHALLENGERS BANGALORE","574","71","0","RAJASTHAN ROYALS"
"ROYAL CHALLENGERS BANGALORE","CHENNAI SUPER KINGS","575","0","3","CHENNAI SUPER KINGS"
"MUMBAI INDIANS","MUMBAI INDIANS","576","41","0","CHENNAI SUPER KINGS"
"MUMBAI INDIANS","RISING PUNE SUPERGIANTS","577","0","9","RISING PUNE SUPERGIANTS"
"DELHI DAREDEVILS","KOLKATA KNIGHT RIDERS","578","0","9","KOLKATA KNIGHT RIDERS"
"KINGS XI PUNJAB","GUJARAT LIONS","579","0","5","GUJARAT LIONS"
"ROYAL CHALLENGERS BANGALORE","ROYAL CHALLENGERS BANGALORE","580","45","0","SUNRISERS HYDERABAD"
"KOLKATA KNIGHT RIDERS","MUMBAI INDIANS","581","0","6","MUMBAI INDIANS"
"RISING PUNE SUPERGIANTS","GUJARAT LIONS","582","0","7","GUJARAT LIONS"
"KINGS XI PUNJAB","DELHI DAREDEVILS","583","0","8","DELHI DAREDEVILS"
"SUNRISERS HYDERABAD","KOLKATA KNIGHT RIDERS","584","0","8","KOLKATA KNIGHT RIDERS"
"MUMBAI INDIANS","GUJARAT LIONS","585","0","3","GUJARAT LIONS"
"RISING PUNE SUPERGIANTS","KINGS XI PUNJAB","586","0","6","KINGS XI PUNJAB"
"ROYAL CHALLENGERS BANGALORE","DELHI DAREDEVILS","587","0","7","DELHI DAREDEVILS"
"MUMBAI INDIANS","SUNRISERS HYDERABAD","588","0","7","SUNRISERS HYDERABAD"
"KINGS XI PUNJAB","KOLKATA KNIGHT RIDERS","589","0","6","KOLKATA KNIGHT RIDERS"
"ROYAL CHALLENGERS BANGALORE","MUMBAI INDIANS","590","0","6","MUMBAI INDIANS"
"GUJARAT LIONS","SUNRISERS HYDERABAD","591","0","10","SUNRISERS HYDERABAD"
"ROYAL CHALLENGERS BANGALORE","ROYAL CHALLENGERS BANGALORE","592","13","0","RISING PUNE SUPERGIANTS"
"DELHI DAREDEVILS","DELHI DAREDEVILS","593","10","0","MUMBAI INDIANS"
"KINGS XI PUNJAB","SUNRISERS HYDERABAD","594","0","5","SUNRISERS HYDERABAD"
"ROYAL CHALLENGERS BANGALORE","GUJARAT LIONS","595","0","6","GUJARAT LIONS"
"RISING PUNE SUPERGIANTS","KOLKATA KNIGHT RIDERS","596","0","2","KOLKATA KNIGHT RIDERS"
"MUMBAI INDIANS","MUMBAI INDIANS","597","25","0","KINGS XI PUNJAB"
"SUNRISERS HYDERABAD","RISING PUNE SUPERGIANTS","598","34","0","RISING PUNE SUPERGIANTS"
"GUJARAT LIONS","GUJARAT LIONS","599","1","0","DELHI DAREDEVILS"
"KOLKATA KNIGHT RIDERS","MUMBAI INDIANS","600","0","6","MUMBAI INDIANS"
"RISING PUNE SUPERGIANTS","GUJARAT LIONS","601","0","3","GUJARAT LIONS"
"DELHI DAREDEVILS","DELHI DAREDEVILS","602","27","0","KOLKATA KNIGHT RIDERS"
"SUNRISERS HYDERABAD","SUNRISERS HYDERABAD","603","15","0","ROYAL CHALLENGERS BANGALORE"
"KINGS XI PUNJAB","KINGS XI PUNJAB","604","23","0","GUJARAT LIONS"
"RISING PUNE SUPERGIANTS","MUMBAI INDIANS","605","0","8","MUMBAI INDIANS"
"ROYAL CHALLENGERS BANGALORE","KOLKATA KNIGHT RIDERS","606","0","5","KOLKATA KNIGHT RIDERS"
"GUJARAT LIONS","DELHI DAREDEVILS","607","0","8","DELHI DAREDEVILS"
"KOLKATA KNIGHT RIDERS","KOLKATA KNIGHT RIDERS","608","7","0","KINGS XI PUNJAB"
"DELHI DAREDEVILS","RISING PUNE SUPERGIANTS","609","0","7","RISING PUNE SUPERGIANTS"
"GUJARAT LIONS","SUNRISERS HYDERABAD","610","0","5","SUNRISERS HYDERABAD"
"RISING PUNE SUPERGIANTS","ROYAL CHALLENGERS BANGALORE","611","0","7","ROYAL CHALLENGERS BANGALORE"
"KINGS XI PUNJAB","KINGS XI PUNJAB","612","9","0","DELHI DAREDEVILS"
"SUNRISERS HYDERABAD","SUNRISERS HYDERABAD","613","85","0","MUMBAI INDIANS"
"KOLKATA KNIGHT RIDERS","GUJARAT LIONS","614","0","5","GUJARAT LIONS"
"ROYAL CHALLENGERS BANGALORE","ROYAL CHALLENGERS BANGALORE","615","1","0","KINGS XI PUNJAB"
"SUNRISERS HYDERABAD","SUNRISERS HYDERABAD","616","4","0","RISING PUNE SUPERGIANTS"
"ROYAL CHALLENGERS BANGALORE","MUMBAI INDIANS","617","0","6","MUMBAI INDIANS"
"SUNRISERS HYDERABAD","DELHI DAREDEVILS","618","0","7","DELHI DAREDEVILS"
"MUMBAI INDIANS","KINGS XI PUNJAB","619","0","7","KINGS XI PUNJAB"
"ROYAL CHALLENGERS BANGALORE","ROYAL CHALLENGERS BANGALORE","620","144","0","GUJARAT LIONS"
"RISING PUNE SUPERGIANTS","KOLKATA KNIGHT RIDERS","621","0","8","KOLKATA KNIGHT RIDERS"
"KINGS XI PUNJAB","SUNRISERS HYDERABAD","622","0","7","SUNRISERS HYDERABAD"
"MUMBAI INDIANS","MUMBAI INDIANS","623","80","0","DELHI DAREDEVILS"
"KOLKATA KNIGHT RIDERS","ROYAL CHALLENGERS BANGALORE","624","0","9","ROYAL CHALLENGERS BANGALORE"
"DELHI DAREDEVILS","RISING PUNE SUPERGIANTS","625","19","0","RISING PUNE SUPERGIANTS"
"ROYAL CHALLENGERS BANGALORE","ROYAL CHALLENGERS BANGALORE","626","82","0","KINGS XI PUNJAB"
"KOLKATA KNIGHT RIDERS","GUJARAT LIONS","627","0","6","GUJARAT LIONS"
"SUNRISERS HYDERABAD","DELHI DAREDEVILS","628","0","6","DELHI DAREDEVILS"
"KINGS XI PUNJAB","RISING PUNE SUPERGIANTS","629","0","4","RISING PUNE SUPERGIANTS"
"MUMBAI INDIANS","GUJARAT LIONS","630","0","6","GUJARAT LIONS"
"KOLKATA KNIGHT RIDERS","KOLKATA KNIGHT RIDERS","631","22","0","SUNRISERS HYDERABAD"
"DELHI DAREDEVILS","ROYAL CHALLENGERS BANGALORE","632","0","6","ROYAL CHALLENGERS BANGALORE"
"GUJARAT LIONS","ROYAL CHALLENGERS BANGALORE","633","0","4","ROYAL CHALLENGERS BANGALORE"
"SUNRISERS HYDERABAD","SUNRISERS HYDERABAD","634","22","0","KOLKATA KNIGHT RIDERS"
"GUJARAT LIONS","SUNRISERS HYDERABAD","635","0","4","SUNRISERS HYDERABAD"
"SUNRISERS HYDERABAD","SUNRISERS HYDERABAD","636","8","0","ROYAL CHALLENGERS BANGALORE"
